content,creationTime,score,productColor,productSize
"手机拍摄方面，前置采用新的原深感镜头，1.9um像素，支持自动对焦，即使在低高度环境下 也能实现较快的对焦速度，后置依1日依旧采用1200 万像素广角/超广角双摄配置，全新的1200万像素 主摄像头，传感器更大，单位像素达到1.9um，F/1.5 光圈，传感器位移のIS，低光捕获提高了 49%。夜间模式曝光速度提升两倍。视频新增 运动防抖模式，动态拍摄更加稳定。用了快半月，没有出现起 热，卡顿的现象，对于我不玩游戏的人来说，14挺好的，刚开始买的时候看见评论，各种担心，用了一段时问后感觉很不错，屏幕非常细腻，很好，看上去非 常舒服，比一般手机强多了，音效也很高，听歌很舒适，值得推荐。早买早享受!14拍照真的很好看!比13强太多啦，拍视频也绝绝子!很喜欢紫色!而且电池的使用时间也比之前的机型要棒很多，因为不喜欢灵动岛，所以买了这个标准版，还是这个看起来顺眼。续航能力很好，拍照效果很清晰，运行速度很畅快，非常不错，午夜色比较清晰靓丽，外形外观，没有多大改变，刘海 有较大的变化，摄像头排布没有变化，运行速度挺快，流畅度也没的说，总体效果，很满意，很喜欢
2 说点儿什么呗~	17	8",2022-12-02 21:20:48,5,暗紫色,512GB
"这个手机用料就是扎实，拿在手上的手感很好
很重，是我喜欢的。iPhone 在使用上绝对没什
么
毛病，系统太流畅了！灵动岛真的好看，比刘
海
好看多了，成功上岛，完美下车，机器很好，
显
示效果很棒，冷屏很赞，开机速度也快，拍照
清
晰．运行速度好外观完美，黑色
一体帅气。包装
完整，总体满意。回来全面检查没有任何问题
然后激活，确实惊艳，好看，使用非常舒服，
反
应灵敏，灵动岛暂时很多 app没有适配，还不
那
么灵动，哈哈，今年的紫色真的好看，不过去
年
的远峰蓝是 YYDS，相机不是提升一点半点，摄
像
头也大了很多，哈哈，很不错。手机到货非常
快
首发当日就拿到了手机，iPhone14proMax手感
非
常好。超喜欢，128的对于我够用了，屏幕完
美，亮度很高，音效也不错，电池很耐用，分
辧
率很棒，120高刷，手握的感觉很舒服，有点
重，能接受，京东自营值得信赖。和上一代没
11",2022-12-11 01:19:13,5,暗紫色,128GB
"＜备忘录
这个手机用料就是扎实，拿在手上的手感很好
很重，是我喜欢的。iPhone 在使用上绝对没什
么
毛病，系统太流畅了！灵动岛真的好看，比刘
海
好看多了，成功上岛，完美下车，机器很好
显
示效果很棒，冷屏很赞，开机速度也快，拍照
清
晰，运行速度好外观完美，黑色
一体帅气。包装
完整，总体满意。回来全面检查没有任何问题，
然后激活，确实惊艳，好看，使用非常舒服，
反
应灵敏，灵动岛暂时很多 app没有适配，还不
那
么灵动，哈哈，今年的紫色真的好看，不过去
年
的远峰蓝是 YYDS，相机不是提升一点半点，摄
像
头也大了很多，哈哈，很不错。手机到货非常
快
首发当日就拿到了手机，iPhone14proMax手感
非
常好。超喜欢，128 的对于我够用了，屏幕完
美，亮度很高，音效也不错，电池很耐用，分
率很棒，120高刷，手握的感觉很舒服，有点
重，能接受，京东自营值得信赖。和上一代没",2022-12-11 01:20:06,5,暗紫色,256GB
"外形外观：从8p升级的，相比较更厚实，握持的手感扎实，个人觉得比8系列的手感好，不容易滑落。不锈钢边框非常漂亮，但容易留指纹&hellip;背板磨砂质感很细腻，舒服。这个紫色挺高级的，雅致不骚气，男人也能用。缺点：好重啊，单手的话手指都觉得累，镜头是凸的越来越离谱了&hellip;
屏幕音效：屏幕手感顺滑，显示效果细腻漂亮，亮度很高，阳光下也很清晰；声音清晰响亮，没想到这么小的听筒声音这么响，而且响铃时会随着你拿起手机调整音量，很人性化。
拍照效果：还没好好试，0.5、1、2、3四个焦段比较全面实用，夜拍效果比以前清晰，对焦快速，4800万像素可以生成较专业的照片文件（需要设置里打开），多些可玩性。而且依然是苹果风格的简单易用。
运行速度：很流畅，苹果一向如此，我原来的8p用了4年依然顺畅。
待机时间：正常使用一天没问题。
其他特色：iOS安全、稳定、简单易用，不用费心研究，灵动岛挺有趣的，动画效果也很漂亮。入了果子的生态就不容易出来了&hellip;就是贵，还不好抢",2022-09-28 23:41:56,5,暗紫色,256GB
"这个手机用料是孔头，拿仕手上的手感
很好很重，是我喜欢的。 iPhone 在使用
上绝对没什么毛病，系统太流畅了！灵
动岛真的好看，比刘海好看多了，成功
上岛，完美下车，机器很好，显示效果
很棒，冷屏很赞，开机速度也快，拍照清
晰．运行速度好外观完美，黑色一体帅
气。包装完整，总体满意。回来全面检查
没有任何问题然后激活，确实惊艳，好
看，使用非常舒服，反应灵敏，灵动岛暂
时很多 app 没有适配，还不那么灵动，哈
哈，今年的紫色真的好看，不过去年的远
峰蓝是 YYDS ，相机不是提升一点半点，
摄像头也大了很多，哈哈，很不错。手
机到货非常快首发当日就拿到了手机，
iPhone14proMax手感非常好。超喜欢
口
128的对于我够用了，屏幕完美，亮度．高，音效不中耐用分辨率很棒，12回提取图中文字 x 有点重，能接又，示小口白口。和上一1",2022-12-16 11:55:20,5,银色,256GB
"色也很有高级感。摄像头升级明显，镜头比上上
- 代更大了，整机手感依然非常好
屏幕音效：苹果手机屏幕是手机屏幕里显示效果
最好的。这次屏幕户外强光下屏幕峰值亮度提高
到了 2000尼特。这个峰值亮度即使在非第强的阳
光下使用，也能看的非常清楚。音质比上一代也
有明显提升，声音洪亮立体声效果好。
拍照效果：拍照也是苹果的强项，摄像头首次升
级到 4800万像素，更大的光圈。A16仿生芯片的
加持。夜间拍照相比上一代噪点更少，拍出来的
照片更清晰细节更丰富。白天拍照拍视频提升明
显，已经接近专业相机的水准了。
运行速度：A16芯片领先友商 3-5年。无论玩大型
游戏，还是平时使用都非常丝滑流畅，系统升级
几代都没有卡顿现家。
待机时间：虽然电池容量没有增加，得益于 A16
芯片加持功耗更低。中度使用一整天，一天-
充。重度使用8小时左右
其他特色：ios系统依然是手机系统最好用的，
没有广告安全可靠 U设计看着舒服，iOS16首次
加入了自定义锁屏，可以根据自己喜好",2022-12-11 07:42:33,5,银色,128GB
"外形外观：一如既往的好看，高端大气上档次
屏幕音效：很好看，很清晰
拍照效果：很漂亮，夜景也好看
运行速度：很快，速度流畅
待机时间：很长，比以前的有改善",2022-10-31 17:10:49,5,银色,256GB
"外形延续前两代直角不锈钢边框设计，新的暗紫色也很有高级感。摄像头升级明显，镜头比上上一代更大了，整机手感依然非常好。
屏幕音效：苹果手机屏幕是手机屏幕里显示效果最好的。这次屏幕户外强光下屏幕峰值亮度提高到了2000尼特。这个峰值亮度即使在非常强的阳光下使用，也能看的非常清楚。音质比上一代也有明显提升，声音洪亮立体声效果好。
拍照效果：拍照也是苹果的强项，摄像头首次升级到4800万像素，更大的光圈。A16仿生芯片的加持。夜间拍照相比上一代噪点更少，拍出来的照片更清晰细节更丰富。白天拍照拍视频提升明显，已经接近专业相机的水准了。
运行速度：A16芯片领先友商3-5年。无论玩大型游戏，还是平时使用都非常丝滑流畅，系统升级几代都没有卡顿现象。
待机时间：虽然电池容量没有增加，得益于A16芯片加持功耗更低。中度使用一整天，一天一充。重度使用8小时左右
其他特色： iOS 系统依然是手机系统最好用的，没有广告安全可靠 UI 设计看着舒服，iOS16首次加入了自定义锁屏，可以根据自己喜好",2022-10-24 22:37:44,5,暗紫色,256GB
"外形外观：暗紫色很大气，男女都合适
屏幕音效：音效好，屏幕可随房间光度自动调整
拍照效果：拍照效果真实，特别适合拍远景
运行速度：开机速度快
待机时间：长时间待机，续航时间长
其他特色：看视频可以调五倍速，游戏不卡顿，移动网络一般",2022-11-30 19:43:08,5,暗紫色,256GB
"外形外观：金色很漂亮，手感很好，看起来就贵气
屏幕音效：屏幕清晰，质量有保障，京东值得信赖
拍照效果：拍照效果很好，像素高，很清晰
运行速度：运行速度快，待机时间长，很不错",2022-12-17 17:53:53,5,金色,128GB
iPhone14真的太惊艳了，比较爱玩游戏，最喜欢是就是iPhone了，打游戏完全不会卡顿。之前的手机是内存不够，心心念念的手机终于到手了。14的运行速度非常快，打游戏真的太流畅了，真的非常喜欢这个手机。外观很好看，手感拿着很有质感，屏幕看着非常好，拍照效果很不错，像素高了，新机拍照片怎么都好看。5 G高速运行，超长待机一整天。颜色也好看，白色看起来简单大气，非常的干净整洁。运行非常流畅，屏幕显示细腻，给人很舒服的感觉，而且相机夜景提升很大，拍出来的效果堪比佳能相机。之前的手机内存不够了，这次趁着活动购买的，直接卖的是256G的，这下就不怕内存不足了，性价比比较高。待时间不用可以一天时间，刷视频就不行，不过充电时间快，还是非常喜欢这个手机的。而且色彩的优化升级很好，百搭的白色款式。特意使用了半个月，体验感非常好，有经典一代的感觉。,2022-11-04 22:17:52,5,暗紫色,256GB
?外观颜值： 1：四边等宽的边框，视觉效果控制的非常nice 2：刘海改成挖孔，可视面积有提升，感观不错。 3：后盖手感很好，设计很喜欢 ?体验感受： 1.续航：正常使用一天完全没压力，视频听歌玩游戏，中度使用 2.系统：原神，王者，吃鸡完全不卡，120hz很流畅。 3.拍照：拍照没得说，安卓机没得比，出片很好看 4.录像：感觉比13要强一些，防抖效果很好 5.质感：拿在手上，握持感比上一代机子更好,2022-11-14 15:24:05,5,深空黑色,256GB
"外形外观：外观漂亮，太好看了，很喜欢。
屏幕音效：屏幕比以前用的稍微大一点点 用着正合适。音效超强。
拍照效果：拍照效果超强。像素比以前的大了好多。
运行速度：运营速度超快。不卡顿。
待机时间：待机时间超强。特别完美。
其他特色：紫色太漂亮了，好喜欢。",2022-09-30 22:30:48,5,暗紫色,256GB
"外形外观：大气，iPhone既视感
屏幕音效：音质很好，小音箱质感
拍照效果：4800W，提升还是很大的，辅助功能对于不擅长拍照的也是个福音~
运行速度：很强大的A16芯
待机时间：打王者一局差不多3~5个电，和我的安卓游戏模式下差不多~",2022-11-14 19:56:58,5,金色,256GB
"外形外观：很不错，深空黑大气，后背磨砂质感手感很好
屏幕音效：音质清晰
拍照效果：升级了4800w就是不一样，画质很细腻
运行速度：很流畅，日常使用足够，没试过玩游戏会怎样
待机时间：电量足够，日常使用一天没问题",2022-11-03 10:24:23,5,深空黑色,256GB
"外形外观：外观好看，手感不错
屏幕音效：色彩很好，音质很好
拍照效果：非常好，非常清晰
运行速度：非常流畅，完全不卡，多开不是问题
待机时间：续航时间很长，一天一充差不多，打游戏也能打好久
其他特色：灵动岛很好玩，成功登岛，",2022-11-15 11:02:59,5,暗紫色,256GB
"外形外观：依旧手感顶级
屏幕音效：屏幕提升亮度很多，不伤眼，
拍照效果：4800首次提升像素，效果很明显，夜间拍照也有提升，更亮了，
运行速度：依旧流畅，这个ios依旧很能打
待机时间：刚拿到，有待使用看看
其他特色：紫色颜色很低调，比较暗淡，有点灰阶",2022-09-16 21:40:53,5,暗紫色,128GB
"手机壳收到了，质量很好，做工精细，款式新颖时尚，非常喜欢。
外形外观：外观颜值：颜值很高 材质手感：手感很好
拍照效果：拍照效果很好，拍照效果很好，拍照很清晰
运行速度：很快 屏幕效果：清晰 散热性能：很好 外形外观：很好看 轻。",2022-10-12 20:18:51,5,深空黑色,256GB
信号真的差，其他还可以,2022-11-08 16:13:42,3,暗紫色,256GB
"外形外观：潮流时尚好看，不锈钢材质，手感舒适，平滑，耐指纹
屏幕音效：显示清晰细腻，配合高刷，使用效果杠杠的，还有全新灵动岛
拍照效果：清晰好垃圾
运行速度：6g
待机时间：一天无压力",2022-09-23 15:51:00,5,深空黑色,128GB
"外形外观：外观好看、美观，很丝滑
屏幕音效：屏幕清晰度很高，音效很好
拍照效果：拍照效果不用说了，杠杠滴
运行速度：运行非常快，应该是目前最快的了
待机时间：充电速度很快了，待机时间也很长
其他特色：整体效果非常好，很大气",2022-11-05 18:53:50,5,暗紫色,256GB
"背面一如既往的经典设计，紫色也很耐看，正面灵动岛也
很有新鲜感，就是手机重量越来越重了。这个手机用料就
是扎实，拿在手上的手感很好，很重，是我喜欢的。
iPhone 在使用上绝对没什么毛病，系统太流畅了！手机一
到，就迫不及待用了起来，手感很好，像素提升感很
强！！灵动岛真的好看，比刘海好看多了，成功上岛，完
美下车，机器很好，显示效果很棒，冷屏很赞，开机速度
也快，拍照清晰，运行速度好外观完美黑色一体帅气。
包
装完整，总体满意。回来全面检查没有任何问题，然后激
活，确实惊艳，好看，使用非常舒服，反应灵敏，灵动岛
暂时很多app没有适配，还不那么灵动，哈哈，今年的紫
色真的好看，不过去年的远峰蓝是 YYDS，相机不是提升
一点半点，摄像头也大了很多，哈哈，很不错。手机到货
非常快 首发当日就拿到了 手机，iPhone 14proMax手感非
常好。",2022-12-14 08:23:15,5,深空黑色,256GB
"外形外观：摄像头模块确实很大，别的还好，黑色很好看，很有质感。
屏幕音效：屏幕高刷确实丝滑，对各个app适配的都很好，没有掉帧的情况。
拍照效果：拍照不多不太清楚，正常拍月亮是可以的。
运行速度：运行很快，毕竟是新机，配合高刷很刷。
待机时间：中度使用，不玩游戏，一天绝对够了。",2022-11-10 12:40:52,5,深空黑色,128GB
"真的不要太舒服啊，贼好用，也很好看，银色才是YYDS，紫色太暗了，只有这个颜色是我的最爱。
外形外观：大气，简直不要太好看！
屏幕音效：很棒！！！
拍照效果：比以前的还是有很大进步！
运行速度：顶级处理器，丝滑的很。
待机时间：目前还在使用中，一天完全OK！
其他特色：除了好看好用以外，就是有点难抢啊！
哈哈哈",2022-12-05 12:40:44,5,银色,256GB
"冲着京东电器代言人肖战来买的
外形外观：一如既往的好看，高端大气上档次
屏幕音效：很好看，很清晰
拍照效果：很漂亮，夜景也好看
运行速度：很快，速度流畅
待机时间：很长，比以前的有改善",2022-11-11 10:20:01,5,深空黑色,128GB
"外形外观：酷炫，内涵，低调，颜色喜欢
拍照效果：清晰，也不常拍照，够用就行，这个还是很高清好看的，
运行速度：速度很快，方便使用
其他特色：手感好，很舒适，充电很快，",2022-10-31 22:29:31,5,深空黑色,512GB
"外形外观：很喜欢 紫色不是很张扬的紫色
屏幕音效：也很不错
拍照效果：比上一部12好很多 很真实
运行速度：超快
待机时间：充一次电 可以用一天 而且是基本上长在手上的那种",2022-09-19 11:26:46,5,暗紫色,128GB
"外形外观：颜值在线，手感高级
屏幕音效：高刷非常舒服
拍照效果：清晰，真实
运行速度：快
待机时间：轻度使用两天一冲，中度使用一天一冲应该没问题
其他特色：软件需要适配灵动岛，首发用户算小白鼠了",2022-10-07 19:42:19,5,深空黑色,256GB
"外形外观：好看，非常好看
屏幕音效：很不错，超清晰，声音非常nice
拍照效果：超级清晰
运行速度：很快，不卡顿
其他特色：感觉手感不如13pro那么好，但是也不差",2022-12-11 13:11:40,5,深空黑色,256GB
"外形外观：颜色很好看  高级耐看
屏幕音效：屏幕清晰 显示清晰
拍照效果：拍照像素很高 拍的很清楚
运行速度：运行速度很快 不卡顿
待机时间：待机时间长
其他特色：很不错 物流速度快",2022-12-06 18:50:28,5,暗紫色,256GB
"外形外观：很好，很好很好
屏幕音效：音质很好，没有杂音
拍照效果：明显比13提升很多
运行速度：反应很快
待机时间：待机时间比较短
其他特色：灵动岛没有适配第三方软件",2022-09-21 09:13:30,5,暗紫色,256GB
"外形外观：好看，耐看！
屏幕音效：很好，清晰度很高
拍照效果：很好，够清晰
运行速度：非常顺畅，用着很舒服
待机时间：一天可以不充电，真的很耐用",2022-12-17 21:46:46,5,银色,256GB
"外形外观：外观硬朗，略微硌手，我从XS过来，有点重
屏幕音效：屏幕很好，音效也不错
拍照效果：拍照很不错，很清晰，顶级水准
运行速度：快，流畅
待机时间：一天没问题
其他特色：新颜色紫色挺好看的",2022-11-03 14:19:20,5,暗紫色,256GB
"外形外观：很喜欢 紫色不是很张扬的紫色 手感很不错
屏幕音效：也很不错
拍照效果：比上一部13好很多 很真实
运行速度：超级快
待机时间：充一次电 可以用两三天 而且是基本上长在手上的那种",2022-11-03 20:37:45,5,暗紫色,512GB
"一直是果粉，每出新款都会买，14的灵动岛也挺好看，不用刘海屏了，买了紫色，颜值好看，
外形外观：颜值高，紫色，是我喜欢的紫色，看起来高档紫色，，
屏幕音效：清晰不错，播放音乐声音清晰，看视频视觉很好的，
拍照效果：拍照很清晰，像数4000，比13清晰，",2022-10-18 09:00:58,5,暗紫色,256GB
"外形外观：精致细腻
屏幕音效：屏幕很细腻，音效很棒
拍照效果：非常nice
运行速度：没得说，飞快
待机时间：还行，一天没问题
其他特色：好用就完了",2022-12-16 21:06:13,5,银色,128GB
"外形外观：很好看，没有问题。
屏幕音效：特别好，很漂亮。喜欢
拍照效果：提升了很多，很棒。
运行速度：特别的流畅，秒点秒开
待机时间：一天充一次电就可以了。
其他特色：爱不释手，就是太贵了",2022-12-10 08:49:39,5,暗紫色,256GB
"外形外观：非常完美，手感很好
屏幕音效：音质杠杠的，
拍照效果：PO R 就是不错，质量超棒
待机时间：不太行，老样子 
非常幸运抢到了现货，安全下车特别棒～
运行速度：流畅，要是拉粑粑这么流畅就好了",2022-12-16 21:38:10,5,银色,128GB
换了手机网比以前拉胯很多,2022-11-22 12:09:32,3,暗紫色,256GB
"外形外观：很漂亮，镜头高出来很多，手机很难放平
屏幕音效：非常棒
拍照效果：和13pro拍照相比，光会暗一点
运行速度：很快
其他特色：信号不好，尤其和华为相比，信号依旧是硬伤
待机时间：没有重度使用，开一晚上息屏，掉了8%的电",2022-09-24 21:33:59,5,深空黑色,256GB
"外形外观：很好看，颜值很高。
拍照效果：像素还不错，不怎么。
运行速度：运行很流畅。
待机时间：待机一天没啥问题，续航不错。
其他特色：不送没充电器挺难受的，保护壳也没有。",2022-12-04 23:28:18,5,暗紫色,256GB
"给家里人买的新款iphone手机，家里人的11已经用了好久了 刚好有新出的手机 直接换了
外形外观：靓
屏幕音效：效果俱佳
拍照效果：比11好多了 又清晰
待机时间：待机时长久 电量多
运行速度：真的太流畅了",2022-12-11 14:27:40,5,银色,128GB
"外形外观：后盖很有质感，我在手里很舒适。屏幕音效：屏幕现实色彩细腻，画质很棒。拍照效果：拍照清晰，色彩还原度高。运行速度：玩游
戏很流畅。待机时间：中度使用，一天够用。",2022-12-02 12:43:15,5,暗紫色,256GB
"用着非常流畅，不用苹果永远体会不到苹果手机的快乐，电话的灵动岛也非常beautiful
拍照效果：清晰
屏幕音效：漂亮
外形外观：爱了暗夜紫
运行速度：不是一般手机可以攀比的
待机时间：长
其他特色：没了",2022-11-29 23:04:03,5,暗紫色,128GB
"外形外观：暗紫色，外观很漂亮，颜色很好看
屏幕音效：屏幕比原来稍大一些，用着特别的合适，适合女生使用
拍照效果：拍照效果极强，像素比以前大多了
运行速度：运行速度超级快，没有卡顿",2022-12-17 08:55:42,5,暗紫色,256GB
"外形外观：外观很好看，颜色也很漂亮
屏幕音效：音效有一种3D环绕立体声的感觉，很清晰
拍照效果：很优秀，背景虚化效果很真实
运行速度：特别快，也很顺畅
待机时间：时间较长",2022-11-24 18:11:33,5,暗紫色,256GB
"外形外观：保留以往家族性款式
屏幕音效：和以前没有明显改观，整体和13差不多
拍照效果：对于一般人要求足够
运行速度：运行速度很快，很稳定
待机时间：这个电池还是可以的，不错?，一天稳稳的",2022-09-30 11:50:46,5,暗紫色,256GB
"外形外观：外观设计继承了苹果一贯的高端品质，用料十足，外观大气，单手握感很好。
屏幕音效：屏幕显示像素也是一贯的好评，观感很好，清晰度很柔和，屏幕用着很流畅。音效超级好。
拍照效果：拍照这次升级了主摄像头由1200万升级到了4800万像素，确实很实用，摄像保持很清晰。
运行速度：运行内存刚刚好，但是确实很快，系统很流畅，丝滑。
待机时间：待机时间一天的话很正常，毕竟电池容量不算太大，但是绝对够用。",2022-12-13 21:50:17,5,暗紫色,256GB
"外形外观：很好看，背壳磨砂手感很有质感
屏幕音效：屏幕舒服，音量很大
拍照效果：拍照效果很好，非常不错
运行速度：很快很牛
待机时间：待机时间久，电池给力
其他特色：很不错",2022-12-09 12:08:23,5,银色,256GB
"外形外观：手感非常好，很有高级感
屏幕音效：声音立体感很强
拍照效果：不亏是4800万后摄，拍照清晰，微距更强
运行速度：A16心片，无论游戏还是日常使用，非常流畅
待机时间：充满电，正常不玩游戏，轻微使用，可以做到一天一充",2022-10-29 18:15:36,5,深空黑色,256GB
"外形外观：漂亮，这暗紫色，闷骚
屏幕音效：赞，看起来舒服
拍照效果：很好，很逼真
运行速度：巧克力?般丝滑
待机时间：没测，早上9点多，到晚上9点多，轻度使用，还有38的电，挺不错的",2022-10-26 01:02:09,5,暗紫色,256GB
"外形外观：新款暗紫色 很帅呀 超级喜欢
屏幕音效：还是一如既往的通透 无死角
拍照效果：这个新款14pro拍照更清晰了 聚焦很快
运行速度：A16芯片 杠杠的
待机时间：有待考究 刚开始用感觉还不错",2022-10-09 18:02:32,5,暗紫色,256GB
"京东快递送货非常快，金色也很好看，奶白奶白的金色，很喜欢呀，已经用了快一个礼拜了，很流畅，不错哟！
外形外观：非常好看
屏幕音效：好
拍照效果：喜欢
运行速度：很流畅
待机时间：电量耐用",2022-11-08 20:35:59,5,金色,128GB
"外形外观：颜值很高，手感很OK
屏幕音效：挺好的，就一个手机，可以了
拍照效果：像素高了不少，很明显
运行速度：差不多吧，苹果手机都比较流畅
待机时间：一天肯定是不用充电的，待机OK",2022-12-11 10:36:07,5,暗紫色,256GB
"外形外观：很好看，紫色很出彩，手感好
屏幕音效：音质好，没有杂声
拍照效果：拍照效果提升很大
运行速度：运行流畅，不卡顿
待机时间：待机时间还行",2022-09-16 20:02:40,5,银色,256GB
"外形外观：磨砂手感很好 做工很细腻
屏幕音效：很流畅
拍照效果：4800可以了 不虚了
运行速度：速度可以
待机时间：六个小时了 一直在用 才掉了30电",2022-09-29 00:43:17,5,深空黑色,512GB
"外形外观：好看！
屏幕音效：比我之前的se好用多了！
拍照效果：好！很强
运行速度：很快！
待机时间：续航一天不怎么用可以不充电
其他特色：暗紫色在太阳下非常好看，渐变得很高级。",2022-10-28 21:14:12,5,暗紫色,256GB
"外形外观： 第二个了 一直京东购  买 物流 很快
屏幕音效：屏幕无 瑕疵  音效 声音挺大的
拍照效果：本人用正常 可以
运行速度：运营速度快
待机时间： 正常 待机",2022-12-16 19:03:51,5,银色,256GB
"发货速度快，京东购买有保障，值得信赖。
外形外观：紫色颜值很高，值得购买，手感也很好
屏幕音效：屏幕清晰，质量很好
拍照效果：像素高，拍照特别清晰，家人很喜欢
运行速度：运营速度快，待机时间也很长，充电速度快，很喜欢",2022-12-03 20:54:39,5,暗紫色,128GB
使用效果一般，但是服务挺好的,2022-11-27 09:39:52,3,暗紫色,256GB
"收到了！收到了！11号抢的，17号收到了，黑色的太好看了，磨砂效果，内存256g足够使用了，淘汰了13promax，换了14pro，大小太合适了，也不重，单手很顺手，拍照没得说，各方面体感完美！
运行速度：快
拍照效果：一如既往的好
外形外观：黑色边框也变黑色了，真正意义的成全黑了
待机时间：正常使用没问题
屏幕音效：屏幕感觉更柔和了",2022-09-20 11:05:54,5,深空黑色,256GB
"外形外观：灵动岛设计真是太好玩了。
屏幕音效：比上一代屏幕亮度更高，阳光下也很清晰，双扬声器杜比音效，音效真的很棒。
拍照效果：主摄4800W像素，对比前代产品，真是提升不要太多。
运行速度：A16芯片目前没有几家可以超越的。
待机时间：明显感觉比上代有延长。",2022-10-16 08:42:39,5,银色,256GB
"待机时间：使用一整天完全没问题，待机时间很长。一天一充。重度打游戏使用得两充。
运行速度：6GB的运行内存，完全够用。比安卓的16gb运行内存好多了。
拍照效果：4800万像素摄像头拍照十分清晰。
屏幕音效：音效特别好。",2022-12-10 18:51:46,5,暗紫色,256GB
"外形外观： 原封  未开封   不错 哦
屏幕音效：屏  幕无 瑕疵  音效 声音 挺大
拍照效果：拍照 很好
运行速度： 运营速度快
待机时间：正常",2022-12-16 19:01:25,5,暗紫色,256GB
"完美简约的包装设计，新款暗紫色非常好看，整体
比13promax更轻薄，质感更好，运行更流畅，拍
照方面夜景非常清晰，信号比上一代好，开5G比较
耗电，不过网速贼啦快，总体来说非常满意，很幸运！",2022-09-24 19:58:14,5,暗紫色,256GB
"外形外观：大气，圆润手感好
屏幕音效：屏幕分辨率高，音质完美
拍照效果：前置后置高清摄像头拍照非常清晰
运行速度：刷新率高，屏幕滑动反应灵敏
待机时间：待机时间长，充电速度快
其他特色：灵动岛好玩又好看",2022-10-31 11:58:55,5,暗紫色,128GB
14的灵动岛也挺好看，不用刘海屏了，买了紫色，颜值好看，颜值高，紫色，是我喜欢的紫色，看起来高档紫色，清晰不错，播放音乐声音清晰，看视频视觉很好的，拍照很清晰，像数4000，比13清晰，,2022-11-15 11:40:22,5,暗紫色,256GB
"外形外观：外观没得说，分量很足，紫色很靓
屏幕音效：太阳下用也很清晰
拍照效果：4800效果不错，不过一般用的少
运行速度：快
待机时间：久",2022-11-20 01:09:29,5,暗紫色,256GB
"外形外观：边框非常漂亮但容易留指纹，这个颜色很高级，男女通用，缺点：单手操作有点重（女生来讲）
运行速度：苹果手机独有的系统，ios运行稳定，安全，易操作，很流畅
屏幕音效：屏幕清晰顺滑，亮度很高，白天太阳下都可以很清晰，显示效果细腻漂亮",2022-12-11 13:02:51,5,银色,256GB
"外形外观：非常喜欢这个紫色，就是冲这个颜色买的，很好看
屏幕音效：屏幕用着不会累眼睛
拍照效果：拍照效果真的很好，很清晰
运行速度：不会卡顿或者闪退，用起来非常流畅
待机时间：待机时间不会特别长，觉得还挺点的，一天不干嘛也要两充",2022-11-20 18:12:55,5,暗紫色,128GB
"外形外观：金属边框手感确实很棒
屏幕音效：灵动岛的设计在打游戏时会予以影响
拍照效果：相机很能打，变焦很稳，夜间拍摄时效果也不错
运行速度：感觉不出来卡顿，动画非常流畅
待机时间：使用一天，要充个两三次",2022-10-23 21:39:25,5,银色,256GB
真的非常喜欢这个手机。外观很好看，手感拿着很有质感，屏幕看着非常好，拍照效果很不错，像素高了，新机拍照片怎么都好看。5G高速运行，超长待机一整天。颜色也好看，白色看起来简单大气，非常的干净整洁。运行非常流畅，屏幕显示细腻，给人很舒服的感觉，而且相机夜景提升很大，拍出来的效果堪比佳能相机。之前的手机内存不够了，这次趁着活动购买的，直接卖的是256G的，这下就不怕内存不足了，性价比比较高。待时间不用可以一天时间，刷视频就不行，不过充电时间快，还是非常喜欢这个手机的。而且色彩的优化升级很好，百搭的紫色款式。特意使用了半个月，体验感非常好，,2022-12-07 22:10:39,5,暗紫色,128GB
"外形外观：一直喜欢用黑色的，这次选个紫色的。除了颜色，外形没啥变化，最大的体验是灵动岛
屏幕音效：音效挺不错的，屏幕丝滑
拍照效果：感觉比以前的好
运行速度：运行速度与激情，很顺畅
待机时间：能够接受，一天一充
整体效果不错，早买早享受。",2022-11-02 22:48:44,5,暗紫色,256GB
"外形外观：四四方方，手感比较硬朗。
拍照效果：拍照效果很好
运行速度：运行流畅，比安卓强。侧边返回方式没有安卓好
待机时间：一天一充，充电速度也不算很慢。在接受范围内
其他特色：颜色很满意，屏幕素质也很好。值得购买的一款手机，除了有点贵，其他方面没毛病。",2022-10-08 10:27:31,5,暗紫色,256GB
"外形外观：黑色经典
屏幕音效：120高刷嘎嘎的
拍照效果：天花板，尤其是视频拍摄能力
运行速度：最快
待机时间：一天
其他特色：手机收到了，质量很好，做工精细，款式新颖时尚，非常喜欢。这台自己用。",2022-09-23 16:53:29,5,深空黑色,256GB
"外形外观：手感很好，漂亮大气。
屏幕音效：画质真的没得说，而且音质也很好。
拍照效果：原相机拍手指指纹清晰可见。
运行速度：一点也不卡。
待机时间：白天基本都在看手机，一天一充。
其他特色：贵。",2022-10-27 21:04:05,5,暗紫色,256GB
"屏幕音效：比我原来的11高清多了
外形外观：摄像头大了一整圈，颜值爆表
拍照效果：拍照清晰了许多，录视频和摄像机一样
运行速度：处理器真给力，进去软件也是秒进
待机时间：用一整天都没用完，
其他特色：外观设计风格很独特，颜色也绝了",2022-10-16 18:02:13,5,暗紫色,512GB
"外形外观：时尚靓丽，简约大气
屏幕音效：清脆悦耳，环绕立体声
拍照效果：杠杠滴，非常满意
运行速度：非常流畅，游戏不卡
待机时间：超级满意
其他特色：非常喜欢",2022-10-04 07:25:35,5,暗紫色,256GB
"很不错?，灵动岛很灵动，不看***，就问灵动岛，爱情和事业如同iOS系统一样流畅。祝愿大家都能登岛，待机也很不错，像素提升较大，拿在手里面分量十足，妥妥的！
外形外观：符合人体美学
屏幕音效：不错
拍照效果：很棒
运行速度：丝滑流畅
待机时间：一天一充",2022-11-16 15:31:13,5,暗紫色,256GB
"外形外观：外观最大的升级可能就是新的配色了，暗紫色，是一种很低调的紫色，我特别喜欢
屏幕音效：屏幕显示效果不错，有高刷的加持，特别流畅
拍照效果：拍照又有升级了，主摄像头提升到了48MP
运行速度：6GB内存，加上苹果A16d仿生，iOS16，运行速度超级快
待机时间：续航还算不错，和13Pro差不多
其他特色：灵动岛的动画真的非常优秀，确实很灵动！",2022-10-15 02:43:21,5,暗紫色,256GB
"外形外观：喜欢?
屏幕音效：音效很立体
拍照效果：不错
运行速度：快，从安卓转iOS，感受确实不一样，运行速度确实快
待机时间：基本上正常使用一个小时掉十个电
其他特色：主要喜欢拍照，比较还原",2022-11-05 10:37:42,5,暗紫色,256GB
外观很好看，手感拿着很有质感，屏幕看着非常好，拍照效果很不错，像素高了，新机拍照片怎么都好看。5G高速运行，超长待机一整天。颜色也好看，白色看起来简单大气，非常的干净整洁。运行非常流畅，屏幕显示细腻，给人很舒服的感觉，而且相机夜景提升很大，拍出来的效果堪比佳能相机。之前的手机内存不够了，这次趁着活动购买的，直接卖的是256G的，这下就不怕内存不足了，性价比比较高。待时间不用可以一天时间，刷视频就不行，不过充电时间快，还是非常喜欢这个手机的。而且色彩的优化升级很好，百搭的紫色款式。特意使用了半个月，体验感非常好,2022-12-12 13:49:27,5,暗紫色,128GB
"外形外观：后摄像头凸起较高，有那么－点不喜欢
屏幕音效：屏幕效果非常棒，在阳光下也能很清?。
拍照效果：拍照效果不错，偏暖，夜晚拍照效果很好
运行速度：非常不错，手机中的天花板
待机时间：基本－天－充",2022-10-16 13:43:56,5,暗紫色,128GB
"续航时间不错，外观设计非常漂亮，质感很好，
外形外观：非常漂亮
屏幕音效：屏幕很清晰，音效很好
拍照效果：照片很清晰
运行速度：非常快
待机时间：还可以",2022-11-08 10:25:33,5,暗紫色,512GB
"外形外观：外观颜值很高，材质手感很好
拍照效果：拍照效果很好，很清晰
屏幕音效：显示清晰细腻，配合高刷，全新灵动岛效果杠杠的
运行速度：超快，流畅
待机时间：充电一次可用一天",2022-10-15 02:08:47,5,深空黑色,256GB
手感都非常不错，就是这时间段太难抢到了，小手机方便，14pro挺好的，用了一段时问后感觉很不错，屏幕非常细腻，很好，看上去非 常舒服，比一般手机强了，音效也很听歌很舒适，值得推荐，好看!！比13强太多啦，拍视频也绝绝子!而且电池的使用时间也比之前的机型要棒，还是续航能力很好，拍照效果很清晰，运行速度很畅快，白色比较清晰靓丽，外形外观，摄像头排布没有变化,2022-12-16 12:29:34,5,银色,256GB
"外形外观：一如既往，灵动岛用起来很有意思。
屏幕音效：屏幕显示很nice，120刷新率很流畅，音质清晰，听起来很舒服
运行速度：运行速度很流畅，毫无卡顿感觉。
待机时间：电池的加大待机更久了，一天可以不用充电。",2022-11-06 11:14:32,5,暗紫色,256GB
"外形外观：外形很漂亮，摄像头模组感觉很夸张的样子
屏幕音效：屏幕效果好，苹果的屏幕比安卓很多机子屏幕效果都要好，非常舒服
拍照效果：终于升级了摄像头，拍照效果要好了不少
运行速度：速度非常流畅，很顺滑
待机时间：待机时间比我之前86%电量的12要耐用很多，之前的机子掉电很快",2022-10-30 01:02:59,5,暗紫色,256GB
"外形外观：设计还可以，大小正好合适
屏幕音效：屏幕很亮，音效比之前几代都好
拍照效果：拍摄很棒，4800万不是吹的，微距和广角非常实用
运行速度：没有任何卡顿
待机时间：充满电一整天没任何问题
其他特色：必须带壳，容易掉漆（小点点那种）",2022-11-03 11:18:38,5,深空黑色,256GB
"整体使用感提升更大！
外形外观：灵动岛是最大的突破
屏幕音效：提升很大
拍照效果：比11好很多
运行速度：杠杠滴
待机时间：一般
总体还是很满意",2022-09-30 21:55:00,5,暗紫色,256GB
"外形外观：特别好看，与期待的一样，黑色真的不会错
屏幕音效：个人觉得比安卓机器音效好
拍照效果：4800万像素是真的清晰
运行速度：很快
待机时间：很好，但还是有点耗电
其他特色：网上相机bug，我的没有，很庆幸，安全**，一直很相信京东！",2022-10-21 22:09:47,5,深空黑色,256GB
"外形外观：还是银色的耐看 握感好
屏幕音效：加上灵动岛yyds
拍照效果：新的4800万像素真香
运行速度：a16 4纳米工艺不必多说了吧
待机时间：同一天没问题
其他特色：灵动岛非常漂亮",2022-10-22 23:57:34,5,银色,256GB
"外形外观：背板磨砂质感很细腻舒服，紫色高级感很强
屏幕音效：亮度高，阳光下依然很清晰，声音音质也不错
拍照效果：夜拍效果比以前清晰，对焦快速
运行速度：很流畅，苹果一向如此
待机时间：正常使用一天，没有问题",2022-10-13 15:33:48,5,暗紫色,128GB
"外形外观：14pro的尺寸刚刚好，M太大了，暗紫色高级
拍照效果：像素不是夸的，即使放大拍也超级哇塞
运行速度：运行挺快的，目前没有什么问题
待机时间：待机还可以，因为用手机频率比较高",2022-12-06 15:04:23,5,暗紫色,256GB
"外形外观：外形有棱角，侧边有镜面效果
屏幕音效：屏幕显示细腻
拍照效果：拍照效果很好，照片可选择0.5-15x，视频可选0.5-9x
运行速度：运行速度比之前的12mini要快，切换丝滑
待机时间：12小时中强度使用无碍",2022-11-26 21:13:04,5,金色,256GB
"外形外观：这一款换紫色的Pro非常好看，显得很高级。
屏幕音效：音质还行，非常清新优美
拍照效果：拍照效果比12和13的要好很多
运行速度：运行速度非常流畅，不卡顿
待机时间：待机时间也很长，可以满足日常所需",2022-09-26 19:23:33,5,暗紫色,256GB
"常佞 司一天充
一次都用不完，这款
新出的苹果手机质量
很好，
系统流畅，信
号稳定，手感很好，
磨砂的
外壳手感挺好的，金
属的边框坚硬结实，
屏幕",2022-10-25 08:53:04,5,暗紫色,128GB
"外形外观：外观漂亮，不锈钢材质，手感舒适，平滑，耐指纹，很好看，非常喜欢。
屏幕音效：显示清晰，配合高刷速度很快，效果非常好，：全新灵动岛非常喜欢。
拍照效果：拍照清晰，色彩真实，拍照的画质清晰。
待机时间：充电速度很快，电池耐用。",2022-10-19 11:12:47,5,银色,128GB
"外形外观：深得喜欢
屏幕音效：比上一代更舒服
拍照效果：像素更高，拍照更像大片
运行速度：很丝滑
待机时间：很不错
其他特色：暗紫色的配色是真的非常好看",2022-10-19 17:38:38,5,暗紫色,256GB
"外形外观：外观继承了苹果的一贯风格，方方正正，精致简单。
屏幕音效：这款Max的屏幕很大，清晰度很好，音效有很大改善。
拍照效果：三个摄像头，像素很棒，拍摄效果很好。
运行速度：硬件配置很高，软件苹果系统与硬件完美匹配，运行很快。
待机时间：待机时间长
其他特色：很好",2022-12-02 21:07:53,5,银色,256GB
"外形外观：中规中矩，新颖亮眼
屏幕音效：立体声很不错
拍照效果：很清晰，这很苹果
运行速度：不用说，很流畅
待机时间：一天轻度使用无压力",2022-10-24 14:18:53,5,深空黑色,256GB
"外形外观：外观设计感很强，喜欢！
屏幕音效：直屏感觉很好，不用担心贴膜！
拍照效果：拍照效果特别好，特别防抖动！
运行速度：苹果的系统没的说，一直是很流畅的！
待机时间：待机时间比上一代有所提升！",2022-10-24 16:04:07,5,暗紫色,256GB
"外形外观：灵动岛设计非常新颖
屏幕音效：屏幕用起来很舒适，常亮屏幕
拍照效果：Pro没话说
运行速度：非常流畅
待机时间：足够使用
其他特色：特别好用！",2022-10-10 15:58:29,5,金色,256GB
"外形外观：还不错，苹果的手机一直外观设计简洁大方
屏幕音效：屏幕清晰，音效还不错 刚收到货送给老婆的礼物
拍照效果：很好，效果杠杠的
运行速度：这是iOS的优势，
待机时间：有待考验，毕竟电池容量小",2022-12-04 09:33:30,5,深空黑色,256GB
"期待已久的苹果手机，外观设计很有造型感，手机功能强大，满满的赞
拍照效果：大气
运行速度：超快不卡
待机时间：较长
屏幕音效：炫酷
外形外观：炫酷",2022-09-26 11:26:13,5,暗紫色,256GB
"很棒，很好，非常不错，哈哈哈，喜欢
外形外观：很好看，紫色看起来很高级，在灯光下很好看
屏幕音效：很好
拍照效果：很清楚
运行速度：很快，完全不卡顿",2022-11-20 16:52:30,5,暗紫色,256GB
"买给老爸的，他很喜欢的，他一直是果粉，14的灵动岛也挺好看，不用刘海屏了，买了紫色，颜值好看，
外形外观:颜值高，紫色，是我喜欢的紫色，看起来高档紫色，，
屏幕音效:清晰不错，播放音乐声音清晰，看视频视觉很好的，
拍照效果:拍照很清晰，像数4000，比13清晰，",2022-10-29 12:27:26,5,深空黑色,256GB
"外形外观：很高大上，不锈钢背板手感非常好
屏幕音效：屏幕显示效果很好
拍照效果：拍照很清晰
运行速度：运行速度很快
待机时间：续航很顶的，用一天没问题",2022-09-24 18:41:00,5,暗紫色,128GB
"外形外观：精美
屏幕音效：杠杠的
拍照效果：色彩特别棒 很清晰
运行速度：很快
待机时间：一天重度手机用户没问题
去拍的照片 第一个是原相机 感受一下。",2022-11-23 14:49:08,5,暗紫色,128GB
"官网没现货跑来这买，官网验货了是全新未激活，送了很多小礼品很值。谈谈手机，首选金色！外形直角边框经典
设计，手感非常好，不锈钢边框很有质感。iPhone屏幕
一如既往的优秀顶级量示效果，灵动号(药丸）设计更新
颖，声音音效更响亮，与Boss、JBL同样出色。拍照 4K
摄像更清晰，加大的摄像头模组，支持电影式拍摄，Pro
级摄像头系统（超广角、广角和长焦），夜同模式人像
(通过激光雷达担指仪实现） 人像模式，支持先进的焦外成像和景深控制，人像光效。运行A16芯片更加提速，流畅无比10S永不卡机，（安卓永远无法比拟） 在线看
HDR 高品质大片，巨流畅。续航再次增加，外出出行更方便，妈妈不用担心我出门手机没电啦！",2022-11-09 07:57:39,5,金色,256GB
