价格,标签,详情,评价数,店铺
2499.00,vivo Pad 平板电脑 iQOO 8GB+128GB 天空蓝 高通骁龙870 航空铝一体化机身 44W疾速闪充 vivo iqoopad,https://item.jd.com/100020767365.html,2000+条评价,iQOO京东官方自营旗舰店
2499.00,Apple iPad 10.2英寸平板电脑 2021年款（64GB WLAN版/A13芯片/1200万像素/iPadOS MK2K3CH/A） 深空灰色,https://item.jd.com/100014352499.html,50万+条评价,Apple产品京东自营旗舰店
1999.00,小米平板5(xiaomi)11英寸2.5K高清 120Hz 骁龙860 6G+128GB 33W快充 杜比影音娱乐办公网课电脑 黑色,https://item.jd.com/100013260409.html,20万+条评价,小米京东自营旗舰店
2899.00,华为HUAWEI MatePad 11 2021款120Hz高刷全面屏 鸿蒙HarmonyOS 影音娱乐办公学习电脑8+128GB WIFI海岛蓝,https://item.jd.com/100030441104.html,20万+条评价,华为京东自营官方旗舰店
1299.00,"京品电脑
荣耀平板7 10.1英寸 128GB WiFi版 高PPI全面屏 双重护眼游戏智慧办公网课电脑 薄荷绿",https://item.jd.com/100019501382.html,10万+条评价,荣耀京东自营旗舰店
1099.00,"京品电脑
华为HUAWEI MatePad SE 全新教育中心影音游戏娱乐学习平板电脑4+64GB WiFi（深海蓝）",https://item.jd.com/100038839992.html,5万+条评价,华为京东自营官方旗舰店
4499.00,小度大屏护眼学习机P20 15.6英寸网课学生平板 128G 类纸质屏护眼平板电脑 学习机早教机 个性化精准学习,https://item.jd.com/100024255795.html,10万+条评价,小度京东自营旗舰店
2499.00,Apple iPad 10.2英寸平板电脑 2021年款（64GB WLAN版/A13芯片/1200万像素/iPadOS MK2L3CH/A） 银色,https://item.jd.com/100014352553.html,50万+条评价,Apple产品京东自营旗舰店
3499.00,Apple【教育优惠版】iPad 10.2英寸平板电脑 2021年款（256GB WLAN版/A13芯片 MK2N3CH/A） 深空灰色,https://item.jd.com/100015068401.html,50万+条评价,Apple产品京东自营旗舰店
1849.00,华为HUAWEI MatePad 10.4英寸 影音娱乐办公学习 专属教育中心 护眼全面屏平板电脑6G+128G WIFI 曜石灰,https://item.jd.com/100035134114.html,5万+条评价,华为京东自营官方旗舰店
2499.00,"京品电脑
vivo Pad 平板电脑 8GB+128GB 天蓝色 高通骁龙870 航空铝一体化机身 120Hz超感原色屏 44W疾速闪充",https://item.jd.com/100036139418.html,2万+条评价,vivo京东自营官方旗舰店
3699.00,Apple iPad 10.2英寸平板电脑 2021年款（256GB WLAN版/A13芯片/1200万像素/iPadOS MK2P3CH/A） 银色,https://item.jd.com/100026667972.html,50万+条评价,Apple产品京东自营旗舰店
1999.00,科大讯飞AI学习机A10 4+64GB 10.1英寸 护眼平板电脑 学生平板 英语学习机平板 家教机 个性化精准学习,https://item.jd.com/100034629168.html,2000+条评价,科大讯飞京东自营旗舰店
1299.00,荣耀平板7 10.1英寸 128GB WiFi版 高PPI全面屏 双重护眼游戏智慧办公网课平板电脑 星空灰,https://item.jd.com/100036517568.html,10万+条评价,荣耀京东自营旗舰店
690.00,2022新款12+512G【天玑1200】超薄14英寸4K全面屏5G全网通娱乐游戏二合一第三星种 流光银丨12+128G丨12英寸+定制原装鼠标键盘,https://item.jd.com/10050384726622.html,1万+条评价,白罗秋雨电脑办公专营店
2299.00,OPPO Pad平板 11英寸 2.5K 120Hz高刷护眼屏 8360mAh 骁龙870 6+128GB 影音娱乐办公学生网课电脑 耀夜黑,https://item.jd.com/100033119480.html,2万+条评价,OPPO京东自营官方旗舰店
2399.00,Apple【教育优惠版】iPad 10.2英寸平板电脑 2021年款（64GB WLAN版/A13芯片 MK2K3CH/A） 深空灰色,https://item.jd.com/100027743464.html,50万+条评价,Apple产品京东自营旗舰店
1299.00,"京品电脑
华为HUAWEI MatePad SE 全新教育中心影音游戏娱乐学习平板电脑4+128GB WiFi（深海蓝）",https://item.jd.com/100038035408.html,5万+条评价,华为京东自营官方旗舰店
6999.00,科大讯飞AI学习机T10 8+256GB 13英寸 护眼平板电脑 学生平板 学习机平板 英语学习机 家教机 个性化精准学习,https://item.jd.com/100012463341.html,1万+条评价,科大讯飞京东自营旗舰店
2399.00,Apple【教育优惠版】iPad 10.2英寸平板电脑 2021年款（64GB WLAN版/A13芯片 MK2L3CH/A） 银色,https://item.jd.com/100027743410.html,50万+条评价,Apple产品京东自营旗舰店
1199.00,OPPO Pad Air 平板 10.36英寸 2K高清护眼屏 7100mAh 跨屏互联 4+64GB 影音娱乐办公学生网课电脑 雾灰,https://item.jd.com/100022696365.html,2000+条评价,OPPO京东自营官方旗舰店
3499.00,Apple【教育优惠版】iPad 10.2英寸平板电脑 2021年款（256GB WLAN版/A13芯片 MK2P3CH/A） 银色,https://item.jd.com/100027743438.html,50万+条评价,Apple产品京东自营旗舰店
2199.00,荣耀平板V7 Pro 128GB WIFI版曙光蓝 2.5K 120Hz护眼全面屏 多屏协同悬浮键盘 商务办公影音娱乐网课电脑,https://item.jd.com/100025691592.html,2万+条评价,荣耀京东自营旗舰店
1279.00,联想平板电脑小新Pad 安卓平板二合一 学习学生办公 莱茵低蓝光 护眼模式 11英寸丨小新Pad 6G+128G 灰 WIFI 官方标配,https://item.jd.com/12033709128.html,2万+条评价,千百回数码旗舰店
4999.00,科大讯飞AI学习机X3 Pro 8+256GB 10.5英寸 护眼平板电脑 学生平板 英语学习机 家教机 个性化精准学习,https://item.jd.com/100026832135.html,1万+条评价,科大讯飞京东自营旗舰店
5799.00,Apple【 教育优惠版】 iPad Pro 11英寸平板电脑 2021年款(128G WLAN版/M1芯片/MHQR3CH/A) 深空灰色,https://item.jd.com/100023038708.html,20万+条评价,Apple产品京东自营旗舰店
1399.00,联想平板小新Pad 2022 10.6英寸 学习办公娱乐影音平板电脑 莱茵低蓝光护眼 2k全面屏 6GB+128GB WIFI 深空灰,https://item.jd.com/100039097294.html,2万+条评价,联想京东自营旗舰店
2299.00,OPPO Pad平板 11英寸 2.5K 120Hz高刷护眼屏 8360mAh 骁龙870 6+128GB 影音娱乐办公学生网课电脑 极光紫,https://item.jd.com/100033376694.html,2万+条评价,OPPO京东自营官方旗舰店
2648.00,"京东超市
联想（Lenovo） 小新Pad Pro2021 学生平板高清护眼娱乐办公联想二合一电脑 6GB+128GB 白金灰 原装钢化膜套装",https://item.jd.com/10031059625547.html,1万+条评价,联想京东自营官方旗舰店
2899.00,"京品电脑
华为HUAWEI MatePad 11 120Hz高刷全面屏 鸿蒙HarmonyOS 影音娱乐办公学习电脑8+128GB WIFI曜石灰",https://item.jd.com/100030441094.html,20万+条评价,华为京东自营官方旗舰店
1058.00,荣耀帝王 平板电脑国行14英寸超清大屏2022新款5G全网通十核游戏学习二合一办公教育ipad 12英寸高贵金(12G+128G) 全网通5G(无线键盘鼠标套装)五年换新,https://item.jd.com/10051279120307.html,2000+条评价,追光者电脑办公专营店
2899.00,华为HUAWEI MatePad 11 120Hz高刷全面屏 鸿蒙HarmonyOS 影音娱乐办公学习平板电脑8+128GB WIFI冰霜银,https://item.jd.com/100016863815.html,20万+条评价,华为京东自营官方旗舰店
1899.00,荣耀平板V7 6+128GB 曙光蓝 WIFI版 高刷护眼全面屏 多屏协同 商务办公影音娱乐游戏网课电脑,https://item.jd.com/100026794836.html,2万+条评价,荣耀京东自营旗舰店
1899.00,华为HUAWEI MatePad 10.4英寸 影音娱乐办公学习 专属教育中心 护眼全面屏平板电脑6G+128G WIFI 海岛蓝,https://item.jd.com/100020001033.html,5万+条评价,华为京东自营官方旗舰店
2299.00,HUAWEI 华为平板M6 8.4英寸麒麟980影音娱乐游戏学习平板电脑8GB+128GB LTE（香槟金）,https://item.jd.com/100033800914.html,5万+条评价,华为京东自营官方旗舰店
3499.00,华为HUAWEI MatePad Pro 10.8英寸2021款 鸿蒙HarmonyOS 影音娱乐办公学习平板电脑 8+128GB WIFI夜阑灰,https://item.jd.com/100022491836.html,10万+条评价,华为京东自营官方旗舰店
888.00,五年质保】三星高清屏平板电脑Pro二合一十核14英寸2022新款全网5G办公游戏品拜教育ipad 钛空银128G（免费试用+分期免息+鼠标蓝牙键盘） 12英寸全网通5G wifi旗舰至尊高配版,https://item.jd.com/10049633761893.html,2000+条评价,易百分平板电脑专营店
6599.00,Apple【教育优惠版】 iPad Pro 11英寸平板电脑 2021年款(256G WLAN版/M1芯片/MHQU3CH/A) 深空灰色,https://item.jd.com/100023038672.html,20万+条评价,Apple产品京东自营旗舰店
3099.00,小米平板5 Pro(xiaomi)11英寸2.5K高清 120Hz 骁龙870 8G+256GB 67W快充 杜比影音娱乐办公网课电脑 黑色,https://item.jd.com/100017252419.html,20万+条评价,小米京东自营旗舰店
6199.00,Apple iPad Pro 11英寸平板电脑 2021年款(128G WLAN版/M1芯片Liquid视网膜屏/MHQR3CH/A) 深空灰色,https://item.jd.com/100011203375.html,20万+条评价,Apple产品京东自营旗舰店
1499.00,"京东超市
联想（Lenovo） 小新Pad Plus 11英寸学习办公娱乐影音网课安卓二合一电脑莱茵护眼 全面屏 6GB+128GB 凝玉白",https://item.jd.com/10031043553244.html,1万+条评价,联想京东自营官方旗舰店
3299.00,华为HUAWEI MatePad 11 2021款120Hz高刷全面屏 鸿蒙HarmonyOS 影音娱乐办公学习电脑6+256GB WIFI曜石灰,https://item.jd.com/100012197377.html,20万+条评价,华为京东自营官方旗舰店
6999.00,科大讯飞AI学习机T10 8+256GB 13英寸 护眼平板电脑 学生平板 学习机平板 英语学习机 家教机 个性化精准学习,https://item.jd.com/100012463341.html,1万+条评价,科大讯飞京东自营旗舰店
1199.00,联想平板小新Pad 2022 10.6英寸 学习办公娱乐影音平板电脑 莱茵低蓝光护眼 2k全面屏 4GB+64GB WIFI 深空灰,https://item.jd.com/100022955397.html,2万+条评价,联想京东自营旗舰店
3399.00,Apple 【教育优惠版】iPad mini 8.3英寸平板电脑 2021年款（64GB WLAN版/A15芯片 MK7M3CH/A） 深空灰色,https://item.jd.com/100027743400.html,10万+条评价,Apple产品京东自营旗舰店
1299.00,"京品电脑
联想(Lenovo)平板小新Pad 11英寸 学习娱乐平板电脑 学习模式 2k全面屏 6GB+128GB WIFI灰",https://item.jd.com/100009090281.html,20万+条评价,联想京东自营旗舰店
1058.00,荣耀帝王 平板电脑14英寸全网通5gwifi十核学习游戏二合一4k高清全面屏教育优惠pad pro 银灰色12+256g/免费试用/分期免息/一年换新 12英寸全网通5g wifi超,https://item.jd.com/10053187566523.html,5000+条评价,荣耀帝王旗舰店
790.00,2022新款12+512G【天玑1200】超薄14英寸4K全面屏5G全网通娱乐游戏二合一第三星种 流光银丨12+256G丨12英寸+定制原装鼠标键盘,https://item.jd.com/10050384726624.html,1万+条评价,白罗秋雨电脑办公专营店
1058.00,荣耀帝王 平板电脑国行14英寸高清大屏5G全网通十核游戏学习二合一办公教育优惠Pad Pro 钛空银128G+【免费试用+免费分息+蓝牙键盘】 12英寸全网通5G WIFI超高速至尊版,https://item.jd.com/10055237489942.html,2000+条评价,追光者电脑办公专营店
1058.00,荣耀帝王 平板电脑14英寸全网通5gwifi十核学习游戏二合一4k高清全面屏教育优惠pad pro 银灰色12+128g/免费试用/分期免息/一年换新 14英寸全网通5g wifi超,https://item.jd.com/10053393053098.html,5000+条评价,荣耀帝王旗舰店
2999.00,vivo Pad 平板电脑 8GB+256GB 天蓝色 高通骁龙870 航空铝一体化机身 120Hz超感原色屏 44W疾速闪充,https://item.jd.com/100036139438.html,2万+条评价,vivo京东自营官方旗舰店
5099.00,Apple iPad Air 10.9英寸平板电脑 2022年款(256G WLAN版/M1芯片 MM9L3CH/A) 深空灰色【教育优惠版】,https://item.jd.com/100034710052.html,10万+条评价,Apple产品京东自营旗舰店
1599.00,"京品电脑
realme真我平板X 2022款11英寸2K莱茵护眼全面屏 骁龙33W闪充8340mAh长续航学习电脑6+128GB WIFI 海盐蓝",https://item.jd.com/100038846140.html,1000+条评价,真我realme京东自营旗舰店
5499.00,Apple iPad Air 10.9英寸平板电脑 2022年款(256G WLAN版/M1芯片Liquid视网膜屏 MM9N3CH/A) 蓝色,https://item.jd.com/100034709978.html,10万+条评价,Apple产品京东自营旗舰店
7490.00,OK学习机 家教机 学生平板 护眼平板电脑 英语学习机平板 AI智能问答 双屏显示 墨水屏设计 S5Plus 2+32GB,https://item.jd.com/53794666213.html,200+条评价,OK官方旗舰店
6999.00,Apple iPad Pro 11英寸平板电脑 2021年款(256G WLAN版/M1芯片Liquid视网膜屏/MHQU3CH/A) 深空灰色,https://item.jd.com/100011203379.html,20万+条评价,Apple产品京东自营旗舰店
2299.00,小米平板5(xiaomi)11英寸2.5K高清 120Hz 骁龙860 6G+256GB 33W快充 杜比影音娱乐办公网课电脑 黑色,https://item.jd.com/100025029392.html,20万+条评价,小米京东自营旗舰店
1068.00,荣耀帝王 平板电脑高清大屏国行新款2022超薄十核学习游戏二合一全网通5g娱乐办公教育优惠ipad 曙光蓝128g+【免费试用+免费分息+蓝牙键盘】 12英寸全,https://item.jd.com/10052868016753.html,5000+条评价,荣耀帝王旗舰店
5499.00,Apple iPad Air 10.9英寸平板电脑 2022年款(256G WLAN版/M1芯片Liquid视网膜屏 MM9L3CH/A) 深空灰色,https://item.jd.com/100034709974.html,10万+条评价,Apple产品京东自营旗舰店
1399.00,OPPO Pad Air 平板 10.36英寸 2K高清护眼屏 7100mAh 跨屏互联 4+128GB 影音娱乐办公学生网课电脑 星银,https://item.jd.com/100039178878.html,2000+条评价,OPPO京东自营官方旗舰店
6999.00,科大讯飞AI学习机T10 8+256GB 13英寸 护眼平板电脑 学生平板 学习机平板 英语学习机 家教机 个性化精准学习,https://item.jd.com/100012463341.html,1万+条评价,科大讯飞京东自营旗舰店
1999.00,小米平板5(xiaomi)11英寸2.5K高清 120Hz 骁龙860 6G+128GB 33W快充 杜比影音娱乐办公网课电脑 绿色,https://item.jd.com/100013260405.html,20万+条评价,小米京东自营旗舰店
1058.00,荣耀帝王 平板电脑14英寸全网通5gwifi十核学习游戏二合一4k高清全面屏教育优惠pad pro 商务黑12+128g/免费试用/分期免息/一年换新 14英寸全网通5g wifi超,https://item.jd.com/10053187566522.html,5000+条评价,荣耀帝王旗舰店
2599.00,小米平板5(xiaomi)11英寸2.5K高清 120Hz 骁龙860 8G+256GB 33W快充 杜比影音娱乐办公网课电脑 黑色,https://item.jd.com/100021374843.html,20万+条评价,小米京东自营旗舰店
2999.00,OPPO Pad平板 11英寸 2.5K 120Hz高刷护眼屏 8360mAh 骁龙870 8+256GB 影音娱乐办公学生网课电脑 极光紫,https://item.jd.com/100023029021.html,2万+条评价,OPPO京东自营官方旗舰店
1399.00,OPPO Pad Air 平板 10.36英寸 2K高清护眼屏 7100mAh 跨屏互联 4+128GB 影音娱乐办公学生网课电脑 雾灰,https://item.jd.com/100022696351.html,2000+条评价,OPPO京东自营官方旗舰店
888.00,五年质保】2022新款三星屏平板电脑V7 Pro14英寸十核全网通5G游戏二合一品拜教育ipad 12英寸|香槟金|128G|五年换新|只换不修 至尊版全网通/5G/WIFI 鼠标蓝牙键盘套餐,https://item.jd.com/10047448474256.html,2000+条评价,唯美电脑办公专营店
2299.00,小米平板5(xiaomi)11英寸2.5K高清 120Hz 骁龙860 6G+256GB 33W快充 杜比影音娱乐办公网课电脑 白色,https://item.jd.com/100025029424.html,20万+条评价,小米京东自营旗舰店
2499.00,小米平板5 Pro(xiaomi)11英寸2.5K高清 120Hz 骁龙870 6G+128GB 67W快充 杜比影音娱乐办公网课电脑 白色,https://item.jd.com/100025029426.html,20万+条评价,小米京东自营旗舰店
2999.00,"京品电脑
联想拯救者Y700 8.8英寸游戏平板 骁龙870 2.5k 120Hz 100%DCI-P3色域 游戏视野模式 双X轴线性马达 12G+256G",https://item.jd.com/100033895888.html,2万+条评价,联想京东自营旗舰店
1399.00,"线下同款
华为平板电脑Matepad10.4全面屏学生平板通话全网通学习网课二合一ipad11 【麒麟新PadSe】4+128G Wifi 深海蓝 多屏协同 2K护眼模式 电子书学习教育中心",https://item.jd.com/10033615392754.html,5万+条评价,星路者数码官方旗舰店
1399.00,联想平板小新Pad 2022 10.6英寸 学习办公娱乐影音平板电脑 莱茵低蓝光护眼 2k全面屏 6GB+128GB WIFI 静湖蓝,https://item.jd.com/100039567956.html,2万+条评价,联想京东自营旗舰店
1058.00,荣耀帝王 平板电脑国行14英寸超清大屏2022新款5G全网通十核游戏学习二合一办公教育ipad 12英寸高贵金(12G+128G) 全网通5G(无线键盘鼠标套装)五年换新,https://item.jd.com/10051279120307.html,2000+条评价,追光者电脑办公专营店
6999.00,Apple iPad Pro 11英寸平板电脑 2021年款(256G WLAN版/M1芯片Liquid视网膜屏/MHQV3CH/A) 银色,https://item.jd.com/100020961254.html,20万+条评价,Apple产品京东自营旗舰店
3399.00,三星Tab S7 FE 12.4英寸平板电脑2.5K高清全面屏6G+128G影音娱乐学习游戏办公Wi-Fi版【含S pen触控笔】黑色,https://item.jd.com/100026893260.html,1万+条评价,三星京东自营官方旗舰店
1058.00,荣耀帝王 平板电脑14英寸全网通5gwifi十核学习游戏二合一4k高清全面屏教育优惠pad pro 翡翠绿12+256g/免费试用/分期免息/一年换新 12英寸全网通5g wifi超,https://item.jd.com/10053393053099.html,5000+条评价,荣耀帝王旗舰店
2699.00,华为HUAWEI MatePad 11 120Hz高刷全面屏 鸿蒙HarmonyOS 影音娱乐办公学习平板电脑6+128GB WIFI曜石灰,https://item.jd.com/100023428874.html,20万+条评价,华为京东自营官方旗舰店
1098.00,联想平板小新Pad平板电脑2022ipad plus11英寸学生网课学习娱乐pro八核办公二合一 【推荐】小新pad 6G+128Gwifi 深空灰 电脑模式 学习助手,https://item.jd.com/10040603784578.html,2万+条评价,星路者数码官方旗舰店
1849.00,华为（HUAWEI） MatePad 10.4英寸平板电脑22款 办公学习 ipad 全面屏 6G+128G WIFI 曜石灰 标配,https://item.jd.com/10046692481467.html,2000+条评价,肆玖聚力电脑专营店
858.00,荣耀帝王 平板电脑14英寸全网通5gwifi十核学习游戏二合一4k高清全面屏教育优惠pad pro 翡翠绿12+128g/免费试用/分期免息/一年换新 12英寸全网通5g wifi超,https://item.jd.com/10053187566519.html,5000+条评价,荣耀帝王旗舰店
1258.00,荣耀帝王 平板电脑14英寸全网通5gwifi十核学习游戏二合一4k高清全面屏教育优惠pad pro 银灰色12+256g/免费试用/分期免息/一年换新 14英寸全网通5g wifi超,https://item.jd.com/10053187566524.html,5000+条评价,荣耀帝王旗舰店
2099.00,"京东超市
联想（Lenovo） 联想平板 11.5英寸 联想小新PadPro影音娱乐办公学习网课电脑 护眼 OLED屏 6GB+128GB 深空灰",https://item.jd.com/10024522168708.html,5000+条评价,联想京东自营官方旗舰店
3499.00,小米平板5Pro 5G版(xiaomi)11英寸2.5K高清 120Hz 骁龙870 8G+256GB 67W快充 杜比影音娱乐办公网课电脑,https://item.jd.com/100025029422.html,20万+条评价,小米京东自营旗舰店
5799.00,Apple【教育优惠版】 iPad Pro 11英寸平板电脑 2021年款(128G WLAN版/M1芯片/MHQT3CH/A) 银色,https://item.jd.com/100023038710.html,20万+条评价,Apple产品京东自营旗舰店
4999.00,希沃（seewo）W2网课学习机XT21A探索版 15.6英寸触屏学生学习机学生平板家教初中网课学习机 6G+128G绿,https://item.jd.com/100037069274.html,2000+条评价,希沃（seewo）京东自营旗舰店
1699.00,华为HUAWEI MatePad SE 全新教育中心影音游戏娱乐学习平板电脑4+128GB LTE（深海蓝）,https://item.jd.com/100025775953.html,5万+条评价,华为京东自营官方旗舰店
1558.00,荣耀帝王 平板电脑14英寸全网通5gwifi十核学习游戏二合一4k高清全面屏教育优惠pad pro 翡翠绿12+512g/免费试用/分期免息/一年换新 14英寸全网通5g wifi超,https://item.jd.com/10053393053104.html,5000+条评价,荣耀帝王旗舰店
1899.00,荣耀平板V7 6+128GB 钛空银 WIFI版 高刷护眼全面屏 多屏协同 商务办公影音娱乐游戏网课电脑,https://item.jd.com/100026794844.html,2万+条评价,荣耀京东自营旗舰店
6199.00,Apple iPad Pro 11英寸平板电脑 2021年款(128G WLAN版/M1芯片Liquid视网膜屏/MHQT3CH/A) 银色,https://item.jd.com/100020961308.html,20万+条评价,Apple产品京东自营旗舰店
1199.00,"京品电脑
荣耀平板7 10.1英寸 64GB WiFi版 高PPI全面屏 双重护眼游戏智慧办公网课电脑 薄荷绿",https://item.jd.com/100019501386.html,10万+条评价,荣耀京东自营旗舰店
888.00,五年质保】2022新款三星屏平板电脑V7 Pro14英寸十核全网通5G游戏二合一品拜教育ipad 12英寸|炫酷银|128G|五年换新|只换不修 至尊版全网通/5G/WIFI 鼠标蓝牙键盘套餐,https://item.jd.com/10047448474253.html,2000+条评价,唯美电脑办公专营店
1999.00,小米平板5(xiaomi)11英寸2.5K高清 120Hz 骁龙860 6G+128GB 33W快充 杜比影音娱乐办公网课电脑 白色,https://item.jd.com/100013260403.html,20万+条评价,小米京东自营旗舰店
2699.00,联想（Lenovo） 小新PadPro安卓学生学习网课莱茵低蓝光护眼屏游戏娱乐影音二合一办公电脑 2021款小新Pad Pro 6G+128G 银,https://item.jd.com/10025946402574.html,1万+条评价,联想授权旗舰店
1199.00,"线下同款
华为（HUAWEI） 华为平板畅享2/MatePadSE 10.1英寸 影音娱乐教育学习学生电脑 【Pad SE】深海蓝 WiFi 4G+64G 官方标配",https://item.jd.com/10048995848633.html,2000+条评价,京东电竞官方旗舰店
1789.00,联想（Lenovo） 平板小新Pad 学生学习网课二合一影音娱乐办公安卓平板电脑 pad Pro 6G+128G WIFI 深空灰,https://item.jd.com/10034445195974.html,2000+条评价,联想西南授权专卖店
1099.00,"京品电脑
联想( Lenovo )M10 PLUS平板电脑10.3英寸全高清 4G+64GB 杜比音效 德国莱茵护眼pad WIFI",https://item.jd.com/100012178248.html,5万+条评价,联想商用自营旗舰店
4999.00,希沃（seewo）W2网课学习机XT21A探索版 15.6英寸触屏学生学习机学生平板家教初中网课学习机 6G+128G绿,https://item.jd.com/100037069274.html,2000+条评价,希沃（seewo）京东自营旗舰店
3999.00,华为HUAWEI MatePad Pro 10.8英寸2021款 鸿蒙HarmonyOS 影音娱乐办公学习平板电脑 8+256GB WIFI夜阑灰,https://item.jd.com/100011715027.html,10万+条评价,华为京东自营官方旗舰店
1988.00,小米（MI）平板5 5Pro 11英寸平板电脑二合一Pad学生网课学习娱乐办公游戏 平板5 6G+128G 黑色 WIFI 官方标配,https://item.jd.com/31800453727.html,5000+条评价,千百回数码旗舰店
870.00,"京东超市
荣耀（HONOR） 荣耀平板5 8英寸平板电脑安卓pad麒麟安卓芯片游戏学生网课电脑 4G+64G WIFI版 苍穹灰 【官方标配+皮套套餐】",https://item.jd.com/10040650259501.html,5000+条评价,京东电竞官方旗舰店
3999.00,Apple iPad Air 10.9英寸平板电脑 2022年款(64G WLAN版/M1芯片 MM9E3CH/A) 蓝色【教育优惠版】,https://item.jd.com/100019718261.html,10万+条评价,Apple产品京东自营旗舰店
2499.00,"京品电脑
vivo Pad 平板电脑 8GB+128GB 深空灰 高通骁龙870 航空铝一体化机身 120Hz超感原色屏 44W疾速闪充",https://item.jd.com/100020671615.html,2万+条评价,vivo京东自营官方旗舰店
888.00,华夏方舟 AI学习机8G+256G上网课护眼学生平板电脑学习平板英语学习机家教机个性化精准家教机 (6+128)+AI弱项训练+上网课,https://item.jd.com/60255040644.html,2000+条评价,华夏方舟数码专营店
3099.00,"线下同款
华为（HUAWEI） 华为平板MatePad 11 高刷120Hz屏 商务办公娱乐学习电脑二合一 海岛蓝 WiFi 8GB+128GB 官方标配【含保护套+钢化膜+蓝牙键盘】",https://item.jd.com/10048898632376.html,5000+条评价,京东电竞官方旗舰店
1629.00,联想（lenovo）天骄平板 11英寸 莱茵低蓝光护眼 天骄学堂学习网课 家长管控 2k全面屏 6GB+128GB WIFI银,https://item.jd.com/100015839581.html,20万+条评价,联想京东自营旗舰店
4999.00,华为HUAWEI MatePad Pro 12.6英寸2021款鸿蒙HarmonyOS麒麟9000E OLED全面屏电脑 8+256GB WIFI曜石灰,https://item.jd.com/100022491874.html,5万+条评价,华为京东自营官方旗舰店
1699.00,华为HUAWEI MatePad 10.4英寸 影音娱乐办公学习 专属教育中心 护眼全面屏平板电脑6G+64G WIFI 曜石灰,https://item.jd.com/100035134116.html,5万+条评价,华为京东自营官方旗舰店
899.00,荣耀平板X7 8英寸 3+32GB WiFi版 全高清屏幕 双重护眼游戏智慧办公网课平板电脑 深海蓝,https://item.jd.com/100021502064.html,2000+条评价,荣耀京东自营旗舰店
1299.00,荣耀平板7 10.1英寸 128GB WiFi版 高PPI全面屏 双重护眼游戏智慧办公网课平板电脑 薄荷绿,https://item.jd.com/100019501382.html,10万+条评价,荣耀京东自营旗舰店
3999.00,Apple iPad Air 10.9英寸平板电脑 2022年款(64G WLAN版/M1芯片 MM9C3CH/A) 深空灰色【教育优惠版】,https://item.jd.com/100019718287.html,10万+条评价,Apple产品京东自营旗舰店
1058.00,荣耀帝王 平板电脑国行14英寸超清大屏2022新款5G全网通十核游戏学习二合一办公教育优惠ipad 12英寸精致银(12G+128G) 全网通5G(无线键盘鼠标套装)五年换新,https://item.jd.com/10051279120304.html,2000+条评价,追光者电脑办公专营店
2599.00,小米平板5(xiaomi)11英寸2.5K高清 120Hz 骁龙860 8G+256GB 33W快充 杜比影音娱乐办公网课电脑 绿色,https://item.jd.com/100021374831.html,20万+条评价,小米京东自营旗舰店
690.00,2022新款12+512G【天玑1200】超薄14英寸4K全面屏5G全网通娱乐游戏二合一第三星种 典雅金丨12+128G丨12英寸+定制原装鼠标键盘,https://item.jd.com/10050384726623.html,1万+条评价,白罗秋雨电脑办公专营店
1238.00,"京东超市
联想（Lenovo） 联想平板 联想小新pad 影音办公学习考研网课安卓全面屏二合一电脑 2022款 10.6英寸 6G+128G 深空灰",https://item.jd.com/10054511218881.html,5万+条评价,联想京东自营官方旗舰店
2098.00,戴睿（dere） 【2022新款Win11+触摸屏】平板笔记本电脑二合一商务办公学生用轻薄便携娱乐本 11代四核Win11系统※磁吸智能键盘 8G内存+128G高速固态,https://item.jd.com/10051989548090.html,87条评价,戴睿旗舰店
1599.00,小度智能学习平板S12（4+128GB）家教机 点读机 早教机 小学初中高中同步10.1英寸学习机 AI智能语音助手,https://item.jd.com/100018532986.html,10万+条评价,小度京东自营旗舰店
1068.00,荣耀帝王 平板电脑高清大屏国行新款2022超薄十核学习游戏二合一全网通5g娱乐办公教育优惠ipad 晨晖金128g+【免费试用+免费分息+蓝牙键盘】 12英寸全,https://item.jd.com/10052868016751.html,5000+条评价,荣耀帝王旗舰店
3399.00,Apple【教育优惠版】iPad mini 8.3英寸平板电脑 2021年款（64GB WLAN版/A15芯片 MK7R3CH/A） 紫色,https://item.jd.com/100027743412.html,10万+条评价,Apple产品京东自营旗舰店
2799.00,小米平板5 Pro(xiaomi)11英寸2.5K高清 120Hz 骁龙870 6G+256GB 67W快充 杜比影音娱乐办公网课电脑 黑色,https://item.jd.com/100013260399.html,20万+条评价,小米京东自营旗舰店
1499.00,联想平板小新Pad平板电脑2022ipad plus11英寸学生网课学习娱乐pro八核办公二合一 pad plus 6G+128白色 Wifi版 电脑模式 学习助手,https://item.jd.com/10040689573348.html,2万+条评价,星路者数码官方旗舰店
1899.00,【15天免费试用】科大讯飞AI智能学习机A10小学教材同步网课学习学生平板家教机早教机英语翻译点读机 科大讯飞智能学习机A10【4G+64G】送七件套,https://item.jd.com/10053561680161.html,500+条评价,嘉致诚数码专营店
4999.00,华为HUAWEI MatePad Pro 10.8英寸2021款鸿蒙HarmonyOS 娱乐办公学习平板电脑8+256GB WIFI青山黛 键盘+笔,https://item.jd.com/100022491838.html,10万+条评价,华为京东自营官方旗舰店
1358.00,荣耀帝王 平板电脑14英寸全网通5gwifi十核学习游戏二合一4k高清全面屏教育优惠pad pro 银灰色12+512g/免费试用/分期免息/一年换新 12英寸全网通5g wifi超,https://item.jd.com/10053393053107.html,5000+条评价,荣耀帝王旗舰店
4999.00,华为HUAWEI MatePad Pro 12.6英寸2021款鸿蒙HarmonyOS 麒麟9000E OLED全面屏电脑 8+256GB WIFI冰霜银,https://item.jd.com/100022491868.html,5万+条评价,华为京东自营官方旗舰店
2199.00,"京品电脑
荣耀平板V7 Pro 128GB WIFI版钛空银 2.5K 120Hz护眼全面屏 多屏协同悬浮键盘 商务办公影音娱乐网课电脑",https://item.jd.com/100013260393.html,2万+条评价,荣耀京东自营旗舰店
3099.00,"线下同款
华为（HUAWEI） 华为平板MatePad 11 高刷120Hz屏 商务办公娱乐学习电脑二合一 曜石灰 WiFi 8GB+128GB 官方标配【含保护套+钢化膜+蓝牙键盘】",https://item.jd.com/10048898632377.html,5000+条评价,京东电竞官方旗舰店
2098.00,戴睿（dere） 【2022新款Win11+触摸屏】平板笔记本电脑二合一商务办公学生用轻薄便携娱乐本 11代四核Win11系统※磁吸智能键盘 8G内存+128G高速固态,https://item.jd.com/10051989548090.html,87条评价,戴睿旗舰店
3099.00,小米平板5 Pro(xiaomi)11英寸2.5K高清 120Hz 骁龙870 8G+256GB 67W快充 杜比影音娱乐办公网课电脑 白色,https://item.jd.com/100031023112.html,20万+条评价,小米京东自营旗舰店
3299.00,华为HUAWEI MatePad 11 120Hz高刷全面屏 鸿蒙HarmonyOS 娱乐办公学习平板电脑 6+256GB WIFI 夏日胡杨,https://item.jd.com/100023428878.html,20万+条评价,华为京东自营官方旗舰店
1558.00,荣耀帝王 平板电脑14英寸全网通5gwifi十核学习游戏二合一4k高清全面屏教育优惠pad pro 商务黑12+512g/免费试用/分期免息/一年换新 14英寸全网通5g wifi超,https://item.jd.com/10053393053106.html,5000+条评价,荣耀帝王旗舰店
1068.00,荣耀帝王 平板电脑高清大屏国行新款2022超薄十核学习游戏二合一全网通5g娱乐办公教育优惠ipad 石墨黑128g+【免费试用+免费分息+蓝牙键盘】 12英寸全,https://item.jd.com/10052868016757.html,5000+条评价,荣耀帝王旗舰店
858.00,荣耀帝王 平板电脑14英寸全网通5gwifi十核学习游戏二合一4k高清全面屏教育优惠pad pro 商务黑12+128g/免费试用/分期免息/一年换新 12英寸全网通5g wifi超,https://item.jd.com/10053187566521.html,5000+条评价,荣耀帝王旗舰店
899.00,荣耀平板X7 8英寸 3+32GB WiFi版 全高清屏幕 双重护眼游戏智慧办公网课平板电脑 深海蓝,https://item.jd.com/100021502064.html,2000+条评价,荣耀京东自营旗舰店
3399.00,Apple【教育优惠版】iPad mini 8.3英寸平板电脑 2021年款（64GB WLAN版/A15芯片 MK7P3CH/A） 星光色,https://item.jd.com/100015068425.html,10万+条评价,Apple产品京东自营旗舰店
5499.00,Apple iPad Air 10.9英寸平板电脑 2022年款(256G WLAN版/M1芯片Liquid视网膜屏 MM9P3CH/A) 星光色,https://item.jd.com/100019718239.html,10万+条评价,Apple产品京东自营旗舰店
1318.00,平板电脑2022新款高清4K全面屏十核高频娱乐游戏二合一平板电脑速系pad学生平板网课学习5G插卡 星空蓝16G+512G+定制无线鼠标+高端键盘 13英寸+高清大屏,https://item.jd.com/10047786710873.html,2000+条评价,速系旗舰店
4499.00,Apple【教育优惠版】iPad mini 8.3英寸平板电脑 2021年款（256GB WLAN版/A15芯片 MK7X3CH/A） 紫色,https://item.jd.com/100027743396.html,10万+条评价,Apple产品京东自营旗舰店
1558.00,荣耀帝王 平板电脑14英寸全网通5gwifi十核学习游戏二合一4k高清全面屏教育优惠pad pro 银灰色12+512g/免费试用/分期免息/一年换新 14英寸全网通5g wifi超,https://item.jd.com/10053393053108.html,5000+条评价,荣耀帝王旗舰店
1188.00,三星屏(SAMSMOGO)【国行原装】平板电脑2022新款,https://item.jd.com/10047196660927.html,2000+条评价,东兴泰业电脑办公专营店
2199.00,小度智能学习平板G16（4+256GB）家教机 早教机 小学初中高中同步学习机 防眩光类纸屏 AI智能语音,https://item.jd.com/100035754122.html,10万+条评价,小度京东自营旗舰店
2899.00,"线下同款
华为（HUAWEI） 华为平板MatePad 11 高刷120Hz屏 商务办公娱乐学习电脑二合一 海岛蓝 WiFi 6GB+128GB 官方标配【含保护套+钢化膜+蓝牙键盘】",https://item.jd.com/10048898632373.html,5000+条评价,京东电竞官方旗舰店
1899.00,荣耀平板V7 6+128GB 琥珀金 WIFI版 高刷护眼全面屏 多屏协同 商务办公影音娱乐游戏网课电脑,https://item.jd.com/100014436819.html,2万+条评价,荣耀京东自营旗舰店
6499.00,"线下同款
苹果（Apple） ipadpro2021 11/12.9英寸M1二合一苹果平板电脑2020升级款 11 寸 灰 官 方 标 配 128G WLAN版",https://item.jd.com/68538408610.html,2万+条评价,疆界旗舰店
1258.00,荣耀帝王 平板电脑14英寸全网通5gwifi十核学习游戏二合一4k高清全面屏教育优惠pad pro 翡翠绿12+256g/免费试用/分期免息/一年换新 14英寸全网通5g wifi超,https://item.jd.com/10053393053100.html,5000+条评价,荣耀帝王旗舰店
1199.00,荣耀平板7 10.1英寸 64GB WiFi版 高PPI全面屏 双重护眼游戏智慧办公网课平板电脑 薄荷绿,https://item.jd.com/100019501386.html,10万+条评价,荣耀京东自营旗舰店
2499.00,"线下同款
苹果（Apple） ipad2021款第9代 10.2英寸 8代2020款更新款平板电脑 (iPad9) WiFi版【银色】 64G ( 官 方 标 配 )",https://item.jd.com/70861907944.html,20万+条评价,APPLE翔合专卖店
3499.00,华为HUAWEI MatePad Pro 10.8英寸2021款 鸿蒙HarmonyOS 影音娱乐办公学习平板电脑 8+128GB WIFI贝母白,https://item.jd.com/100022491848.html,10万+条评价,华为京东自营官方旗舰店
3999.00,华为HUAWEI MatePad Pro 10.8英寸2021款 鸿蒙HarmonyOS 影音娱乐办公学习平板电脑 8+256GB WIFI贝母白,https://item.jd.com/100022491870.html,10万+条评价,华为京东自营官方旗舰店
6188.00,"线下同款
苹果（Apple） ipadpro 2021年新款 11英寸 平板电脑 (官 方 标 配)【灰色】 128G WLAN版",https://item.jd.com/66770331092.html,5万+条评价,APPLE翔合专卖店
1799.00,"线下同款
荣耀平板V6 平板电脑 10.4英寸2K护眼全面屏二合一麒麟985影音娱乐游戏安卓pad 6+64GB WIFI版 幻夜黑 官方标配",https://item.jd.com/69540187736.html,1万+条评价,千百回数码旗舰店
1368.00,荣耀显通 自营平板电脑ipad高清4K教育优惠版大屏新款2022超薄十核学习游戏二合一娱乐办公 太空银128G(免费试用+分期免息+蓝牙键盘) 12英寸全网通5G WIFI至尊版,https://item.jd.com/10049131476188.html,2万+条评价,荣耀小龙旗舰店
4399.00,Apple iPad Air5 10.9英寸平板电脑 2022年款(64G WLAN版/M1芯片Liquid视网膜屏 MM9E3CH/A) 蓝色,https://item.jd.com/100034710010.html,10万+条评价,Apple产品京东自营旗舰店
4299.00,"京东超市
联想（Lenovo） 联想平板小新Pad Pro 12.6英寸骁龙870 2.5k120Hz高刷屏 娱乐办公电脑 8GB+256GB OLED屏",https://item.jd.com/10039763391104.html,500+条评价,联想京东自营官方旗舰店
2799.00,小米平板5 Pro(xiaomi)11英寸2.5K高清 120Hz 骁龙870 6G+256GB 67W快充 杜比影音娱乐办公网课电脑 白色,https://item.jd.com/100013260391.html,20万+条评价,小米京东自营旗舰店
2399.00,Apple 苹果 iPad 10.2英寸【现货速发】平板电脑2021款 第9代 A13芯片 官方标配 深空灰 64G WLAN版,https://item.jd.com/10046851625966.html,200+条评价,京东电竞官方旗舰店
1368.00,平板电脑2022新款高清4K全面屏十核高频娱乐游戏二合一平板电脑速系pad学生平板网课学习5G插卡 星空蓝16G+512G+定制无线鼠标+高端键盘 14英寸+高频十核,https://item.jd.com/10047786710874.html,2000+条评价,速系旗舰店
670.00,2022新款【天玑1200+512G】国行原装14英寸超薄高清全面屏平板电脑全网通二合一品弘本 冰霜银丨12+128丨12英寸+原装皮套蓝牙键盘 旗舰级全网通5G WIFI至尊版,https://item.jd.com/10051279717105.html,1万+条评价,简易生活数码时代电脑整机专营店
3399.00,联想（Lenovo） 拯救者Y700平板电脑 8.8英寸120Hz高刷屏高通骁龙870 游戏联想 钛晶灰 WiFi 12GB+256GB 官方标配,https://item.jd.com/10049642593358.html,500+条评价,京东电竞官方旗舰店
2899.00,"线下同款
华为（HUAWEI） 华为平板MatePad 11 高刷120Hz屏 商务办公娱乐学习电脑二合一 曜石灰 WiFi 6GB+128GB 官方标配【含保护套+钢化膜+蓝牙键盘】",https://item.jd.com/10048874449698.html,5000+条评价,京东电竞官方旗舰店
1088.00,"京东超市
酷比魔方 iPlay40 Pro 10.4英寸八核全贴合高清4G全网通平板电脑 黑色 8G+256G",https://item.jd.com/10043850533571.html,500+条评价,酷比魔方京东自营官方旗舰店
2699.00,华为HUAWEI MatePad 11 120Hz高刷全面屏 鸿蒙HarmonyOS 影音娱乐办公学习平板电脑6+128GB WIFI冰霜银,https://item.jd.com/100023428876.html,20万+条评价,华为京东自营官方旗舰店
6988.00,"线下同款
苹果（Apple） ipadpro 2021年新款 11英寸 平板电脑 (官 方 标 配)【银色】 256G WLAN版",https://item.jd.com/66770331088.html,5万+条评价,APPLE翔合专卖店
888.00,五年质保】三星屏平板电脑16G+512G,https://item.jd.com/10050758089799.html,5000+条评价,品拜旗舰店
1999.00,HUAWEI 华为平板M6 8.4英寸麒麟980影音娱乐游戏学习平板电脑8GB+128GB WIFI（香槟金）,https://item.jd.com/100019111577.html,5万+条评价,华为京东自营官方旗舰店
1238.00,"京东超市
联想（Lenovo） 联想平板 联想小新pad 影音办公学习考研网课安卓全面屏二合一电脑 2022款 10.6英寸 4G+64G 静湖蓝",https://item.jd.com/10054511218880.html,5万+条评价,联想京东自营官方旗舰店
1368.00,荣耀帝王 平板电脑高清大屏国行新款2022超薄十核学习游戏二合一全网通5g娱乐办公教育优惠ipad 曙光蓝128g+【免费试用+免费分息+蓝牙键盘】 14英寸全,https://item.jd.com/10052868016754.html,5000+条评价,荣耀帝王旗舰店
3099.00,"线下同款
华为（HUAWEI） 华为平板MatePad 11 高刷120Hz屏 商务办公娱乐学习电脑二合一 冰霜银 WiFi 8GB+128GB 官方标配【含保护套+钢化膜+蓝牙键盘】",https://item.jd.com/10048898632378.html,5000+条评价,京东电竞官方旗舰店
778.00,"京东超市
酷比魔方 kPad 10.4英寸2K全贴合高清大屏4G全网安卓11网课学习游戏电脑 灰色 标配(4G+64G)",https://item.jd.com/10042882153362.html,500+条评价,酷比魔方京东自营官方旗舰店
2798.00,荣耀（HONOR） 荣耀平板V7Pro高刷11英寸5G二合一平板游戏网课学习办公学生电脑iPad 【V7Pro】8G+128G WiFi版 曙光蓝,https://item.jd.com/10035327509241.html,1000+条评价,荣耀丽坤世纪专卖店
3199.00,"线下同款
华为（HUAWEI） 平板电脑MatePad Pro二合一鸿蒙平板骁龙870麒麟系列芯片 【10.8英寸】8G+128G WiFi版 夜阑灰 官方标配+赠品【晒单送礼】",https://item.jd.com/68212862330.html,1万+条评价,华为升昌专卖店
3799.00,Apple iPad mini 8.3英寸平板电脑 2021年款（64GB WLAN版/A15芯片/全面屏/触控ID MLWL3CH/A） 粉色,https://item.jd.com/100014352529.html,10万+条评价,Apple产品京东自营旗舰店
1058.00,荣耀帝王 平板电脑14英寸全网通5gwifi十核学习游戏二合一4k高清全面屏教育优惠pad pro 商务黑12+256g/免费试用/分期免息/一年换新 12英寸全网通5g wifi超,https://item.jd.com/10053393053101.html,5000+条评价,荣耀帝王旗舰店
1438.00,"京东超市
联想（Lenovo） 联想平板 联想小新pad 影音办公学习考研网课安卓全面屏二合一电脑 2022款 10.6英寸 6G+128G 静湖蓝",https://item.jd.com/10054511218882.html,5万+条评价,联想京东自营官方旗舰店
1068.00,荣耀帝王 平板电脑高清大屏国行新款2022超薄十核学习游戏二合一全网通5g娱乐办公教育优惠ipad 钛空银128g+【免费试用+免费分息+蓝牙键盘】 12英寸全,https://item.jd.com/10052868016755.html,5000+条评价,荣耀帝王旗舰店
7388.00,微软Surface Pro 7+ 商用版 11代i5 1135G7 8G+128G 锐炬Xe 12.3英寸高色域 亮铂金 二合一电脑 WiFi版,https://item.jd.com/100017522152.html,5000+条评价,微软商用自营官方旗舰店
6599.00,Apple【教育优惠版】 iPad Pro 11英寸平板电脑 2021年款(256G WLAN版/M1芯片/MHQV3CH/A) 银色,https://item.jd.com/100023038684.html,20万+条评价,Apple产品京东自营旗舰店
1058.00,荣耀帝王 平板电脑14英寸全网通5gwifi十核学习游戏二合一4k高清全面屏教育优惠pad pro 翡翠绿12+128g/免费试用/分期免息/一年换新 14英寸全网通5g wifi超,https://item.jd.com/10053187566520.html,5000+条评价,荣耀帝王旗舰店
1328.00,平板电脑2022新款高清4K全面屏十核高频娱乐游戏二合一平板电脑速系pad学生平板网课学习5G插卡 钛空银16G+256G+定制无线鼠标+高端键盘 14英寸+高频十核,https://item.jd.com/10047708837387.html,2000+条评价,速系旗舰店
1499.00,小米电视EA55 2022款 55英寸 金属全面屏 远场语音 逐台校准4K超高清智能教育电视机L55M7-EA,https://item.jd.com/100020530546.html,50万+条评价,小米京东自营旗舰店
1186.00,"线下同款
平板电脑12+512G二合一安卓手机全面屏5G全网通 烽想 浅灰蓝|12+512G|免费试用+定制豪礼|五年保 14英寸5GWiFi全网通+电竞版+蓝牙键盘",https://item.jd.com/10043562293287.html,5000+条评价,烽想弘樱专卖店
6999.00,科大讯飞（iFLYTEK） AI智能学习机T10学生平板早教机小初高儿童全科家教机英语点读机家教机 科大讯飞旗舰 T10（8G+286G）全国联保,https://item.jd.com/10054088043300.html,0条评价,汘慧数码专营店
4399.00,Apple iPad Air 10.9英寸平板电脑 2022年款(64G WLAN版/M1芯片Liquid视网膜屏 MM9C3CH/A) 深空灰色,https://item.jd.com/100019718243.html,10万+条评价,Apple产品京东自营旗舰店
1328.00,平板电脑2022新款高清4K全面屏十核高频娱乐游戏二合一平板电脑速系pad学生平板网课学习5G插卡 钛空银16G+256G+定制无线鼠标+高端键盘 14英寸+高频十核,https://item.jd.com/10047708837387.html,2000+条评价,速系旗舰店
950.00,2022新款12+512G【天玑1200】超薄14英寸4K全面屏5G全网通娱乐游戏二合一第三星种 流光白丨12+256G丨14英寸+定制原装鼠标键盘,https://item.jd.com/10050384726631.html,1万+条评价,白罗秋雨电脑办公专营店
2049.00,"线下同款
华为（HUAWEI） MatePad 2022款 10.4英寸2K全面屏ipad娱乐办公学习电脑 【麒麟版】6G+128G WiFi版 海岛蓝 官方标配【下单送礼包】",https://item.jd.com/68997540558.html,1万+条评价,丽坤数码专营店
1088.00,"京东超市
酷比魔方 iPlay40 Pro 10.4英寸八核全贴合高清4G全网通平板电脑 黑色 8G+256G",https://item.jd.com/10043850533571.html,500+条评价,酷比魔方京东自营官方旗舰店
1199.00,荣耀平板7 10.1英寸 64GB WiFi版 高PPI全面屏 双重护眼游戏智慧办公网课平板电脑 薄荷绿,https://item.jd.com/100019501386.html,10万+条评价,荣耀京东自营旗舰店
1458.00,"线下同款
荣耀（HONOR） 荣耀平板7 10.1英寸高清平板电脑娱乐T游戏直播网课学习学生办公iPad 【荣耀T7】6+128GB WiFi版-薄荷绿",https://item.jd.com/10033072424482.html,1万+条评价,港讯智能专营店
1768.00,荣耀帝王 平板电脑高清大屏国行新款2022超薄十核学习游戏二合一全网通5g娱乐办公教育优惠ipad 曙光蓝512g+【免费试用+免费分息+蓝牙键盘】 12英寸全,https://item.jd.com/10052868016769.html,5000+条评价,荣耀帝王旗舰店
1438.00,"京东超市
联想（Lenovo） 联想平板 联想小新pad 影音办公学习网课安卓全面屏二合一电脑 6G+128G 深空灰 原装钢化膜套装",https://item.jd.com/10052517852981.html,200+条评价,联想京东自营官方旗舰店
2399.00,Apple 苹果 iPad 10.2英寸【现货速发】平板电脑2021款 第9代 A13芯片 官方标配 深空灰 64G WLAN版,https://item.jd.com/10046851625966.html,200+条评价,京东电竞官方旗舰店
1098.00,联想平板电脑小新Pad学生网课学习Plus娱乐办公二合一游戏手写绘画Pro安卓莱茵护眼全面屏电脑 小新Pad 6G+128G 灰 莱茵护眼全面屏 官方标配,https://item.jd.com/10033794520080.html,2万+条评价,联想德信专卖店
670.00,2022新款【天玑1200+512G】国行原装14英寸超薄高清全面屏平板电脑全网通二合一品弘本 冰霜银丨12+128丨12英寸+原装皮套蓝牙键盘 旗舰级全网通5G WIFI至尊版,https://item.jd.com/10051279717105.html,1万+条评价,简易生活数码时代电脑整机专营店
1758.00,荣耀帝王 平板电脑国行14英寸超清大屏2022新款5G全网通十核游戏学习二合一办公教育优惠ipad 14英寸精致银(12G+512G) 全网通5G(无线键盘鼠标套装)五年换新,https://item.jd.com/10051279142715.html,2000+条评价,追光者电脑办公专营店
790.00,2022新款12+512G【天玑1200】超薄14英寸4K全面屏5G全网通娱乐游戏二合一第三星种 典雅金丨12+256G丨12英寸+定制原装鼠标键盘,https://item.jd.com/10050384726625.html,1万+条评价,白罗秋雨电脑办公专营店
1368.00,平板电脑2022新款高清4K全面屏十核高频娱乐游戏二合一平板电脑速系pad学生平板网课学习5G插卡 钛空银16G+512G+定制无线鼠标+高端键盘 14英寸+高频十核,https://item.jd.com/10047708837389.html,2000+条评价,速系旗舰店
2699.00,"线下同款
荣耀（HONOR）荣耀平板V7Pro高清高刷平板电脑5G二合一平板6游戏直播网课学习办公学生ipad 【V7 Pro】8G+128G WiFi版 曙光蓝",https://item.jd.com/10034424325086.html,1万+条评价,港讯智能专营店
2299.00,小米平板5(xiaomi)11英寸2.5K高清 120Hz 骁龙860 6G+256GB 33W快充 杜比影音娱乐办公网课电脑 绿色,https://item.jd.com/100013260385.html,20万+条评价,小米京东自营旗舰店
2899.00,华为HUAWEI MatePad 11 2021款120Hz高刷全面屏 鸿蒙HarmonyOS 影音娱乐办公学习电脑8+128GB WIFI海岛蓝,https://item.jd.com/100030441104.html,20万+条评价,华为京东自营官方旗舰店
1268.00,平板电脑2022新款高清4K全面屏十核高频娱乐游戏二合一平板电脑速系pad学生平板网课学习5G插卡 星空蓝16G+256G+定制无线鼠标+高端键盘 13英寸+高清大屏,https://item.jd.com/10047786710871.html,2000+条评价,速系旗舰店
1399.00,"线下同款
华为（HUAWEI） 华为平板畅享2/MatePadSE 10.1英寸 影音娱乐教育学习学生电脑 【畅享2】香槟金 WiFi 4G+128G 官方标配",https://item.jd.com/10048995848634.html,2000+条评价,京东电竞官方旗舰店
6699.00,三星平板电脑2022款旗舰Tab S8+ 12.4英寸8G+256G 新骁龙8 Gen 1 2.8K+120Hz高刷+SAMOLED高清屏/WLAN/深屿灰,https://item.jd.com/100018572501.html,2000+条评价,三星京东自营官方旗舰店
2998.00,"线下同款
荣耀（HONOR）荣耀平板V7Pro高清高刷平板电脑5G二合一平板6游戏直播网课学习办公学生ipad 【V7 Pro】8G+256G WiFi版 曙光蓝",https://item.jd.com/10035842655273.html,1万+条评价,港讯智能专营店
4499.00,华为HUAWEI MatePad Pro 12.6英寸2021款鸿蒙HarmonyOS 麒麟9000E OLED全面屏电脑 8+128GB WIFI冰霜银,https://item.jd.com/100022491872.html,5万+条评价,华为京东自营官方旗舰店
888.00,五年质保】三星屏平板电脑16G+512G,https://item.jd.com/10050758089799.html,5000+条评价,品拜旗舰店
4399.00,苹果（Apple） 【新品】iPad Air5 2022年新款10.9英寸平板电脑Air5 紫色 64G【官 方 标 配】,https://item.jd.com/10046034188670.html,2000+条评价,Apple爱豆专卖店
1458.00,荣耀帝王 平板电脑国行14英寸超清大屏2022新款5G全网通十核游戏学习二合一办公教育优惠ipad 14英寸孔雀绿(12G+256G) 全网通5G(无线键盘鼠标套装)五年换新,https://item.jd.com/10051285180030.html,2000+条评价,追光者电脑办公专营店
1299.00,三星平板2022款Galaxy Tab A8 10.5英寸 4G+64GB 2K全面屏娱乐学习办公网课轻薄电脑 WiFi 遐想灰X200,https://item.jd.com/100017089597.html,2万+条评价,三星京东自营官方旗舰店
1388.00,"线下同款
华为（HUAWEI） 华为平板电脑MatePad 11/10.4/M5/M6/畅享/SE平板iPad 【新】SE丨4+128G WiFi版 深海蓝",https://item.jd.com/10031468236342.html,5000+条评价,华为千冠专卖店
1049.00,"线下同款
荣耀（HONOR） 荣耀平板7 10.1英寸高清平板电脑娱乐T游戏直播网课学习学生办公iPad 【荣耀T7】4+64GB WiFi版 薄荷绿",https://item.jd.com/10027887085888.html,1万+条评价,港讯智能专营店
2499.00,苹果（Apple） iPad2021新款第9代 10.2英寸平板电脑A13芯片2020升级款 深空灰色 WLAN版 64G【官方标配】,https://item.jd.com/34538495063.html,20万+条评价,APPLE聚石专卖店
2499.00,"线下同款
华为（HUAWEI） 华为平板MatePad 11 高刷120Hz屏 商务办公娱乐学习电脑二合一 曜石灰 WiFi 6GB+64GB 官方标配【含保护套+钢化膜+蓝牙键盘】",https://item.jd.com/10048874449690.html,5000+条评价,京东电竞官方旗舰店
2899.00,联想（Lenovo） 拯救者Y700平板电脑 8.8英寸120Hz高刷屏高通骁龙870 游戏联想 钛晶灰 WiFi 8GB+128GB 官方标配,https://item.jd.com/10049642593357.html,500+条评价,京东电竞官方旗舰店
2299.00,"线下同款
荣耀（HONOR）荣耀平板V7Pro高清高刷平板电脑5G二合一平板6游戏直播网课学习办公学生ipad 【V7 Pro】6G+128G WiFi版 曙光蓝",https://item.jd.com/10036834123440.html,1万+条评价,港讯智能专营店
2999.00,"线下同款
华为（HUAWEI） 华为平板电脑MatePad 10.4/11/10.8影音娱乐办公学习二合一 Matepad11丨8+128G WiFi 灰",https://item.jd.com/10026666992966.html,2万+条评价,华为千冠专卖店
1768.00,荣耀帝王 平板电脑高清大屏国行新款2022超薄十核学习游戏二合一全网通5g娱乐办公教育优惠ipad 晨晖金512g+【免费试用+免费分息+蓝牙键盘】 12英寸全,https://item.jd.com/10052868016767.html,5000+条评价,荣耀帝王旗舰店
1668.00,荣耀侍卫 平板电脑高清大屏新款2022超薄十核学习游戏二合一娱乐办公全网通5G教育ipad 玫瑰金256G(免费试用+分期免息+蓝牙键盘) 14英寸全网通5G WIFI旗舰版,https://item.jd.com/10045527404900.html,1万+条评价,荣耀侍卫平板电脑官方旗舰店
1699.00,"线下同款
华为（HUAWEI） 华为平板畅享2/MatePadSE 10.1英寸 影音娱乐教育学习学生电脑 【Pad SE】深海蓝 全网通 4G+128G 官方标配",https://item.jd.com/10050794048776.html,2000+条评价,京东电竞官方旗舰店
1388.00,"线下同款
华为（HUAWEI） 华为平板电脑MatePad 11/10.4/M5/M6/畅享/SE平板iPad 【新】SE丨4+128G WiFi版 深海蓝",https://item.jd.com/10031468236342.html,5000+条评价,华为千冠专卖店
1599.00,realme真我平板X 2022款11英寸2K莱茵护眼全面屏 骁龙33W闪充8340mAh长续航学习电脑6+128GB WIFI 星辰灰,https://item.jd.com/100039998272.html,1000+条评价,真我realme京东自营旗舰店
1899.00,"线下同款
华为（HUAWEI） 华为平板电脑MatePad 10.4英寸 麒麟820/710A 全面屏娱乐学习 【麒麟710A】曜石灰 WiFi 6G+128G 官方标配",https://item.jd.com/10051470680525.html,500+条评价,京东电竞官方旗舰店
1458.00,荣耀帝王 平板电脑国行14英寸超清大屏2022新款5G全网通十核游戏学习二合一办公教育优惠ipad 14英寸孔雀绿(12G+256G) 全网通5G(无线键盘鼠标套装)五年换新,https://item.jd.com/10051285180030.html,2000+条评价,追光者电脑办公专营店
1999.00,学而佳 14.1英寸娱乐平板电脑学习机智能学生平板网课家教机教材同步安卓插卡 14.1英寸全网通+WiFi(6G+128G),https://item.jd.com/10051741553154.html,7条评价,学而佳旗舰店
1849.00,"线下同款
华为（HUAWEI） MatePad 10.4英寸平板电脑22款 办公学习 ipad 全面屏 6G+128G WIFI 曜石灰 标配",https://item.jd.com/10046692481467.html,2000+条评价,肆玖聚力电脑专营店
2149.00,"线下同款
荣耀（HONOR） 荣耀平板V7Pro5G高刷平板电脑二合一游戏电竞直播网课电脑学生pad 【V7Pro】6+128GB WIFI版 钛空银 标配【下单含壳膜套餐】",https://item.jd.com/10037135757504.html,5000+条评价,京东电竞官方旗舰店
7699.00,华为HUAWEI MatePad Pro 12.6 2021 鸿蒙HarmonyOS麒麟9000E OLED全面屏平板12+512GB WIFI夏日胡杨 键盘+笔,https://item.jd.com/100014238299.html,5万+条评价,华为京东自营官方旗舰店
1399.00,"线下同款
华为平板电脑Matepad10.4全面屏学生平板通话全网通学习网课二合一ipad11 【性价比畅享2】 4+128G Wifi 香槟金 多屏协同 2K护眼模式 电子书学习教育中心",https://item.jd.com/10033615392755.html,5万+条评价,星路者数码官方旗舰店
1668.00,荣耀帝王 平板电脑高清大屏国行新款2022超薄十核学习游戏二合一全网通5g娱乐办公教育优惠ipad 曙光蓝256g+【免费试用+免费分息+蓝牙键盘】 14英寸全,https://item.jd.com/10052868016762.html,5000+条评价,荣耀帝王旗舰店
1368.00,荣耀显通 平板电脑ipad高清4K大屏2022全网通超薄M6学习教育优惠版网课娱乐办公游戏二合一自营 玫瑰金12G+128G免费试用/分期免息/一年换新 14英寸全网通5G WIFI旗舰高配版,https://item.jd.com/10049131406777.html,1万+条评价,荣耀小龙旗舰店
1289.00,联想（Lenovo） 联想平板电脑小新Pad 学生平板网课学习低蓝光护眼全面屏娱乐办公二合一安卓 【Pad】灰色 WiFi 6+128GB 官方标配,https://item.jd.com/10049632579760.html,500+条评价,京东电竞官方旗舰店
1758.00,荣耀帝王 平板电脑国行14英寸超清大屏2022新款5G全网通十核游戏学习二合一办公教育优惠ipad 14英寸精致银(12G+512G) 全网通5G(无线键盘鼠标套装)五年换新,https://item.jd.com/10051279142715.html,2000+条评价,追光者电脑办公专营店
4099.00,"线下同款
华为（HUAWEI） 华为平板电脑MatePad 10.4/11/10.8影音娱乐办公学习二合一 Pro10.8丨8+256G WiFi 灰",https://item.jd.com/10034250026830.html,2万+条评价,华为千冠专卖店
1098.00,联想平板电脑小新Pad学生网课学习Plus娱乐办公二合一游戏手写绘画Pro安卓莱茵护眼全面屏电脑 小新Pad 6G+128G 灰 莱茵护眼全面屏 官方标配,https://item.jd.com/10033794520080.html,2万+条评价,联想德信专卖店
1999.00,"线下同款
华为（HUAWEI） 华为平板电脑M6 平板电脑8.4英寸平板电脑4G全网通安卓通话办公电脑 8G+128G WiFi版 香槟金 官方标配",https://item.jd.com/55183008875.html,5000+条评价,科族数码专营店
6999.00,科大讯飞（iFLYTEK） AI智能学习机T10学生平板早教机小初高儿童全科家教机英语点读机家教机 科大讯飞旗舰 T10（8G+286G）全国联保,https://item.jd.com/10054088043300.html,0条评价,汘慧数码专营店
1468.00,荣耀帝王 平板电脑高清大屏国行新款2022超薄十核学习游戏二合一全网通5g娱乐办公教育优惠ipad 石墨黑256g+【免费试用+免费分息+蓝牙键盘】 12英寸全,https://item.jd.com/10052868016765.html,5000+条评价,荣耀帝王旗舰店
1258.00,平板电脑【同城现货】16G+512G骁龙845高清低蓝光2K全面屏5G速系轻薄2022新款WIFI 流光银16G+512G+定制无线鼠标+高端键盘 14英寸｜升级旗舰｜骁龙845八核,https://item.jd.com/10048720266652.html,500+条评价,速系旗舰店
1268.00,平板电脑2022新款高清4K全面屏十核高频娱乐游戏二合一平板电脑速系pad学生平板网课学习5G插卡 星空蓝16G+256G+定制无线鼠标+高端键盘 13英寸+高清大屏,https://item.jd.com/10047786710871.html,2000+条评价,速系旗舰店
2699.00,联想平板小新Pad 安卓平板电脑 学生学习办公 莱茵低蓝光 护眼模式 2K真彩全面屏绘画 Pad Pro｜6G+128G｜OLED屏｜灰色 四声道杜比扬声器 WIFI 官方标配,https://item.jd.com/10031237455326.html,5万+条评价,联想华东授权专卖店
2799.00,"线下同款
华为（HUAWEI） 华为平板电脑MatePad 10.4/11/10.8影音娱乐办公学习二合一 Matepad11丨6+128G WiFi 蓝",https://item.jd.com/10026094352758.html,2万+条评价,华为千冠专卖店
2399.00,京东方BOE Funbook小课屏C1S 64G学生平板10.1英寸类纸护眼屏板早教机英语学习机儿童学习机儿童智能绘本,https://item.jd.com/100025298572.html,5000+条评价,funbook小课屏京东自营旗舰店
1599.00,realme真我平板X 2022款11英寸2K莱茵护眼全面屏 骁龙33W闪充8340mAh长续航学习电脑6+128GB WIFI 星辰灰,https://item.jd.com/100039998272.html,1000+条评价,真我realme京东自营旗舰店
3699.00,"线下同款
华为（HUAWEI） 华为平板MatePad 11 高刷120Hz屏 商务办公娱乐学习电脑二合一 曜石灰 WiFi 6GB+128GB 官方标配+原装手写笔+原装键盘【含标配好礼】",https://item.jd.com/10048874449701.html,5000+条评价,京东电竞官方旗舰店
1999.00,科大讯飞AI学习机A10 4+64GB 10.1英寸 护眼平板电脑 学生平板 英语学习机平板 家教机 个性化精准学习,https://item.jd.com/100034629168.html,2000+条评价,科大讯飞京东自营旗舰店
3799.00,Apple iPad mini 8.3英寸平板电脑 2021年款（64GB WLAN版/A15芯片/全面屏/触控ID MK7P3CH/A） 星光色,https://item.jd.com/100014352527.html,10万+条评价,Apple产品京东自营旗舰店
1699.00,"线下同款
华为（HUAWEI） 华为平板畅享2/MatePadSE 10.1英寸 影音娱乐教育学习学生电脑 【Pad SE】深海蓝 全网通 4G+128G 官方标配",https://item.jd.com/10050794048776.html,2000+条评价,京东电竞官方旗舰店
1168.00,平板电脑【同城现货】16G+512G骁龙845高清低蓝光2K全面屏5G速系轻薄2022WIFI 流光银16G+512G+定制无线鼠标+高端键盘 12英寸｜轻薄办公｜网课学习娱乐,https://item.jd.com/10048720266653.html,500+条评价,速系旗舰店
2299.00,"线下同款
荣耀（HONOR）荣耀平板V7Pro高清高刷平板电脑5G二合一平板6游戏直播网课学习办公学生ipad 【V7 Pro】6G+128G WiFi版 钛空银",https://item.jd.com/10034424325085.html,1万+条评价,港讯智能专营店
5499.00,Apple iPad Air 10.9英寸平板电脑 2022年款 M1芯片Liquid视网膜屏 星光色 WLAN版256G,https://item.jd.com/10032256226729.html,200+条评价,Apple智慧生活专卖店
1199.00,联想平板小新Pad 2022 10.6英寸 学习办公娱乐影音平板电脑 莱茵低蓝光护眼 2k全面屏 4GB+64GB WIFI 静湖蓝,https://item.jd.com/100039567962.html,2万+条评价,联想京东自营旗舰店
999.00,"线下同款
荣耀（HONOR） 荣耀平板7 10.1英寸平板电脑双重护眼全面屏直播娱乐游戏学生学习网课 4G+64G WiFi版 绿 官方标配",https://item.jd.com/11619134763.html,2万+条评价,千百回数码旗舰店
4499.00,Apple【教育优惠版】iPad mini 8.3英寸平板电脑 2021年款（256GB WLAN版/A15芯片 MK7T3CH/A） 深空灰色,https://item.jd.com/100027743462.html,10万+条评价,Apple产品京东自营旗舰店
2099.00,华为平板电脑MatePad 6+128G海岛蓝 下单送礼,https://item.jd.com/68986141544.html,1万+条评价,华为升昌专卖店
3299.00,华为HUAWEI MatePad Pro 10.8英寸 鸿蒙HarmonyOS 影音娱乐办公学习平板电脑 6+128GB WIFI贝母白,https://item.jd.com/100033800916.html,10万+条评价,华为京东自营官方旗舰店
1849.00,"线下同款
华为（HUAWEI） MatePad 10.4英寸平板电脑22款 办公学习 ipad 全面屏 6G+128G WIFI 曜石灰 标配",https://item.jd.com/10046692481467.html,2000+条评价,肆玖聚力电脑专营店
2799.00,"线下同款
华为（HUAWEI） 华为平板电脑MatePad 10.4/11/10.8影音娱乐办公学习二合一 Matepad11丨6+128G WiFi 银",https://item.jd.com/10032629941877.html,2万+条评价,华为千冠专卖店
2299.00,小米（MI） 平板电脑5/5 Pro 11英寸120Hz高刷屏ipad娱乐办公游戏网课二合一电脑 【小米5】6+256 WiFi 白色 官方标配【包含定制礼包】,https://item.jd.com/10040695513952.html,1000+条评价,丽坤数码专营店
1399.00,"线下同款
华为平板电脑Matepad10.4全面屏学生平板通话全网通学习网课二合一ipad11 【性价比畅享2】 4+128G Wifi 香槟金 多屏协同 2K护眼模式 电子书学习教育中心",https://item.jd.com/10033615392755.html,5万+条评价,星路者数码官方旗舰店
2899.00,华为HUAWEI MatePad 11 2021款120Hz高刷全面屏 鸿蒙HarmonyOS 影音娱乐办公学习电脑8+128GB WIFI海岛蓝,https://item.jd.com/100030441104.html,20万+条评价,华为京东自营官方旗舰店
1768.00,荣耀帝王 平板电脑高清大屏国行新款2022超薄十核学习游戏二合一全网通5g娱乐办公教育优惠ipad 钛空银512g+【免费试用+免费分息+蓝牙键盘】 12英寸全,https://item.jd.com/10052868016771.html,5000+条评价,荣耀帝王旗舰店
5099.00,Apple iPad Air 10.9英寸平板电脑 2022年款(256G WLAN版/M1芯片 MM9P3CH/A) 星光色【教育优惠版】,https://item.jd.com/100019718309.html,10万+条评价,Apple产品京东自营旗舰店
1699.00,"京东超市
联想（Lenovo） 联想天骄平板 11英寸 学生平板电脑 学习平板 天骄学堂内含天骄保护夹和反射镜 2k全面屏 6GB+128GB WIFI 银白色",https://item.jd.com/10045079125843.html,1000+条评价,联想京东自营官方旗舰店
1249.00,荣耀（HONOR） 荣耀平板7 10.1英寸高清屏安卓手机娱乐游戏直播办公学生网课考研电脑pad 4G+128G WiFi版 薄荷绿 官方标配【下单送好礼】,https://item.jd.com/10046249411205.html,2000+条评价,荣耀丽坤世纪专卖店
2788.00,"线下同款
荣耀（HONOR） 荣耀平板V7Pro5G高刷平板电脑二合一游戏电竞直播网课电脑学生pad 【V7Pro】8+128GB WIFI版 钛空银 标配【下单含壳膜套餐】",https://item.jd.com/10037135757508.html,5000+条评价,京东电竞官方旗舰店
2699.00,BOE画屏 京东方Funbook 小课屏C1S/E3英语学习机小学初中高中学生平板类纸护眼儿童早教机 funbook 小课屏(128G),https://item.jd.com/10036394358956.html,5000+条评价,BOE画屏益盟专卖店
679.00,2022新款5G平板电脑二合一安卓手机学生ipad14英寸烽想 冰霜白12+128G（免费试用+皮套蓝牙键盘） 12英寸全网通5G WIFI至尊旗舰版,https://item.jd.com/10053499555705.html,1万+条评价,烽想弘樱专卖店
949.00,"线下同款
荣耀平板7 10.1英寸高PPI全面屏 双重护眼游戏智慧学习办公直播网课平板电脑 【T7】4G+64G WIFI版 薄荷绿 官方标配【壳膜套餐+蓝牙键盘+定制笔】",https://item.jd.com/10029970031676.html,5000+条评价,荣耀鼎升专卖店
3699.00,三星平板电脑Tab S7 FE 12.4英寸2.5K高清全面屏6G+128GB影音学习游戏办公 Lte版全网通【含Spen触控笔】黑色,https://item.jd.com/100022123512.html,1万+条评价,三星京东自营官方旗舰店
2499.00,"线下同款
华为（HUAWEI） 华为平板MatePad 11 高刷120Hz屏 商务办公娱乐学习电脑二合一 曜石灰 WiFi 6GB+64GB 官方标配【含保护套+钢化膜+蓝牙键盘】",https://item.jd.com/10048874449690.html,5000+条评价,京东电竞官方旗舰店
1139.00,"线下同款
荣耀平板7 10.1英寸高PPI全面屏 双重护眼游戏智慧学习办公直播网课平板电脑 【T7】4G+128G WIFI版 薄荷绿 官方标配【壳膜套餐+蓝牙键盘+定制笔】",https://item.jd.com/10034581741052.html,5000+条评价,荣耀鼎升专卖店
988.00,14英寸平板电脑12+512G全网通5Gwifi十核游戏办公二合一平板超清4K全面屏学习机教育版蓝魔 银灰色丨12+128G丨五年质保+定制原装鼠标键盘 12英寸全网通5G双科技WiFi超速尊享旗舰版,https://item.jd.com/10048244860083.html,1万+条评价,唯品时代平板电脑专营店
17768.00,微软（Microsoft） 【无忧价保】Surface Pro 8平板笔记本电脑二合一商务办公轻薄本 Pro 8 i7 32G 1TB 【亮铂金】 全套【主机+原装特质键盘+原装超薄触控笔】,https://item.jd.com/10038376313629.html,200+条评价,微软美闵专卖店
489.00,"拍拍
Apple 苹果平板电脑 iPad mini2 二手平板电脑 大陆国行 白色 16G wifi版",https://item.jd.com/10026374486645.html,1000+条评价,拍拍严选电脑数码官方旗舰店
2299.00,"线下同款
荣耀（HONOR）荣耀平板V7Pro高清高刷平板电脑5G二合一平板6游戏直播网课学习办公学生ipad 【V7 Pro】6G+128G WiFi版 钛空银",https://item.jd.com/10034424325085.html,1万+条评价,港讯智能专营店
2398.00,"线下同款
小米平板5/5 Pro 11英寸平板电脑2.5K高清屏120Hz高刷 影音娱乐办公学习 【小米5】黑色 WiFi 6+128G 定制一体键盘套餐【含定制触控笔+定制钢化膜】",https://item.jd.com/10043396474044.html,5000+条评价,京东电竞官方旗舰店
2798.00,荣耀（HONOR） 荣耀平板V7Pro高刷11英寸5G二合一平板游戏网课学习办公学生电脑iPad 【V7Pro】8G+128G WiFi版 曙光蓝,https://item.jd.com/10035327509241.html,1000+条评价,荣耀丽坤世纪专卖店
6499.00,苹果iPadPro平板电脑M1八核芯片,https://item.jd.com/68538408610.html,2万+条评价,疆界旗舰店
2299.00,小米（MI） 平板电脑5/5 Pro 11英寸120Hz高刷屏ipad娱乐办公游戏网课二合一电脑 【小米5】6+256 WiFi 白色 官方标配【包含定制礼包】,https://item.jd.com/10040695513952.html,1000+条评价,丽坤数码专营店
2539.00,"线下同款
苹果（Apple） iPad2021新款第9代 10.2英寸平板电脑A13芯片2020升级款 银色 WLAN版 64G 【皮套+钢化膜】",https://item.jd.com/63368998680.html,2万+条评价,APPLE聚石专卖店
2099.00,联想（Lenovo） 联想平板电脑小新Pad 学生平板网课学习低蓝光护眼全面屏娱乐办公二合一安卓 【Pad Pro】银色 WiFi 6+128GB 官方标配,https://item.jd.com/10049632579765.html,500+条评价,京东电竞官方旗舰店
2699.00,联想平板小新Pad 安卓平板电脑 学生学习办公 莱茵低蓝光 护眼模式 2K真彩全面屏绘画 Pad｜6G+128GB｜深空灰色 四声道杜比扬声器 WIFI 官方标配,https://item.jd.com/10031234873033.html,5万+条评价,联想华东授权专卖店
2799.00,"线下同款
华为（HUAWEI） 华为平板电脑MatePad 10.4/11/10.8影音娱乐办公学习二合一 Matepad11丨6+128G WiFi 银",https://item.jd.com/10032629941877.html,2万+条评价,华为千冠专卖店
1568.00,荣耀显通平板电脑高清大屏新款2022超薄十核学习游戏二合一娱乐游戏办公学习ipad教育 太空银128G(免费试用+分期免息+蓝牙键盘) 14英寸全网通5G WIFI旗舰版,https://item.jd.com/10049371692525.html,1000+条评价,荣耀小龙旗舰店
2599.00,"线下同款
小米（MI） 小米平板5/5 Pro 11英寸平板电脑2.5K高清屏120Hz高刷 影音娱乐办公学习 【小米5】黑色 WiFi 6+256G 官方标配【含定制保护套+定制钢化膜】",https://item.jd.com/10043396474049.html,5000+条评价,京东电竞官方旗舰店
1099.00,荣耀（HONOR） 荣耀平板7 10.1英寸高清屏安卓手机娱乐游戏直播办公学生网课考研电脑pad 4G+64G WiFi版 薄荷绿 官方标配【下单送好礼】,https://item.jd.com/10046249411199.html,2000+条评价,荣耀丽坤世纪专卖店
5499.00,Apple iPad Air 10.9英寸平板电脑 2022年款 M1芯片Liquid视网膜屏 星光色 WLAN版256G,https://item.jd.com/10032256226729.html,200+条评价,Apple智慧生活专卖店
2480.00,"爱心东东
平板电脑4K高清全面屏学生平板学习教育优惠版ipad网课办公游戏娱乐二合一【国行原装】 时尚灰256G(免费试用+分期免息+一年换新) 14英寸全网通5G",https://item.jd.com/10050606932799.html,5000+条评价,荣耀小龙旗舰店
10999.00,三星平板电脑14.6英寸[套装版]Tab S8 Ultra超大屏16G+512GB 新骁龙8 Gen 1 3K屏+120Hz+SAMOLED/含Spen+键盘,https://item.jd.com/100032996634.html,1000+条评价,三星京东自营官方旗舰店
2099.00,华为平板电脑MatePad 6+128G海岛蓝 下单送礼,https://item.jd.com/68986141544.html,1万+条评价,华为升昌专卖店
2899.00,联想拯救者Y700平板电脑 8.8英寸游戏平板 120Hz高刷游戏电竞屏 高通骁龙870 安卓pad 【8G+128G】2.5K超清｜人脸识别｜灰 标配,https://item.jd.com/10045359537343.html,5000+条评价,联想华东授权专卖店
4799.00,三星（SAMSUNG） 平板电脑S8/S8+/S8Ultra 5G通话大屏120hz高刷游戏学习办公 深屿灰 S8 【256G wifi版】,https://item.jd.com/10044341633247.html,500+条评价,欣顿数码专营店
4399.00,Apple iPad Air 10.9英寸平板电脑 2022年款 M1芯片Liquid视网膜屏 星光色 WLAN版64G,https://item.jd.com/10032256226728.html,200+条评价,Apple智慧生活专卖店
1268.00,平板电脑2022新款高清4K全面屏十核高频娱乐游戏二合一平板电脑速系pad学生平板网课学习5G插卡 钛空银16G+256G+定制无线鼠标+高端键盘 13英寸+高清大屏,https://item.jd.com/10047708837386.html,2000+条评价,速系旗舰店
679.00,2022新款5G平板电脑二合一安卓手机学生ipad14英寸烽想 冰霜白12+128G（免费试用+皮套蓝牙键盘） 12英寸全网通5G WIFI至尊旗舰版,https://item.jd.com/10053499555705.html,1万+条评价,烽想弘樱专卖店
979.00,台电（TECLAST） M40Air安卓二合一平板电脑10.1英寸8+128G学生学习游戏平板Pad 官方标配,https://item.jd.com/10052143333591.html,72条评价,台电数码直营旗舰店
2399.00,vivo Pad 平板电脑 新品 骁龙870 44W闪充 120Hz原色屏 天蓝色8+128G 官方标配,https://item.jd.com/10047459307700.html,500+条评价,京东之家官方旗舰店
1249.00,荣耀（HONOR） 荣耀平板7 10.1英寸高清屏安卓手机娱乐游戏直播办公学生网课考研电脑pad 4G+128G WiFi版 薄荷绿 官方标配【下单送好礼】,https://item.jd.com/10046249411205.html,2000+条评价,荣耀丽坤世纪专卖店
2999.00,"线下同款
荣耀（HONOR） 荣耀平板V7Pro5G高刷平板电脑二合一游戏电竞直播网课电脑学生pad 【V7Pro】8+256GB WIFI版 曙光蓝 标配【下单含壳膜套餐】",https://item.jd.com/10037135761216.html,5000+条评价,京东电竞官方旗舰店
1258.00,荣耀帝王 平板电脑国行14英寸超清大屏2022新款5G全网通十核游戏学习二合一办公教育优惠ipad 12英寸孔雀绿(12G+256G) 全网通5G(无线键盘鼠标套装)五年换新,https://item.jd.com/10051279142711.html,2000+条评价,追光者电脑办公专营店
590.00,2022新款【骁龙845+512G】国行原装13英寸超薄高清全面屏平板电脑全网通二合一第三星种 海盐蓝128G（免费试用+分期免息+鼠标蓝牙键盘） 13英寸全,https://item.jd.com/10052070479706.html,5000+条评价,第三星种旗舰店
2499.00,苹果（Apple） iPad2021新款第9代 10.2英寸平板电脑A13芯片2020升级款 深空灰色 WLAN版 64G【官方标配】,https://item.jd.com/34538495063.html,20万+条评价,APPLE聚石专卖店
1449.00,华为（HUAWEI） 华为平板MatePad 10.4/畅享2网课影音娱乐教育二合一平板电脑ipad MatePad SE丨4G+128G WiFi版蓝 标配（含保护套装+原装耳机）,https://item.jd.com/10050790600064.html,5000+条评价,肆玖聚力电脑专营店
6699.00,三星平板电脑2022款旗舰Tab S8+ 12.4英寸8G+256G 新骁龙8 Gen 1 2.8K+120Hz高刷+SAMOLED高清屏/WLAN/深屿灰,https://item.jd.com/100018572501.html,2000+条评价,三星京东自营官方旗舰店
1328.00,平板电脑2022新款高清4K全面屏十核高频娱乐游戏二合一平板电脑速系pad学生平板网课学习5G插卡 星空蓝16G+256G+定制无线鼠标+高端键盘 14英寸+高频十核,https://item.jd.com/10047786710872.html,2000+条评价,速系旗舰店
2999.00,华为平板MatePad11平板电脑二合一 2K高刷屏 8G+128G WIFI 海岛蓝 标配,https://item.jd.com/10042689548970.html,5000+条评价,千百回数码旗舰店
1089.00,酷比魔方 iPlay40 Pro 2021新款10.4英寸大屏全网通通话上网课学生学习平板电脑安卓 标配-黑色（8G+256G）,https://item.jd.com/10033816919762.html,2000+条评价,酷比魔方旗舰店
1980.00,荣耀显通 平板电脑4K高清全面屏学生平板学习教育优惠版ipad网课办公游戏娱乐二合一【国行原装】 商务黑128G(免费试用+分期免息+一年换新) 12英寸全网通5G WIFI至尊版,https://item.jd.com/10050606932792.html,5000+条评价,荣耀小龙旗舰店
1649.00,酷比魔方 iWork20 Pro 10.5英寸win10平板电脑二合一windows商务办公笔记本 标准版+磁吸键盘(8G+128G SSD),https://item.jd.com/68422836139.html,2000+条评价,酷比魔方旗舰店
2349.00,华为（HUAWEI） 平板Matepad 11 办公影音娱乐学习网课通话二合一平板电脑ipadpro 【高刷屏】6+64G WiFi 耀石灰 多屏协同 2K护眼模式 电子书学习教育中心,https://item.jd.com/10045777965861.html,2万+条评价,星路者数码官方旗舰店
1139.00,"线下同款
荣耀平板7 10.1英寸高PPI全面屏 双重护眼游戏智慧学习办公直播网课平板电脑 【T7】4G+128G WIFI版 星空灰 官方标配【壳膜套餐+蓝牙键盘+定制笔】",https://item.jd.com/10052859282305.html,5000+条评价,荣耀鼎升专卖店
3099.00,联想（Lenovo） 联想平板电脑Yoga Pad Pro 13英寸便携屏高通骁龙870学习办公 玄青黑 WiFi 8GB+256GB 官方标配,https://item.jd.com/10049639410029.html,67条评价,京东电竞官方旗舰店
1299.00,三星平板2022款Galaxy Tab A8 10.5英寸 4G+64GB 2K全面屏娱乐学习办公网课轻薄电脑 WiFi 遐想灰X200,https://item.jd.com/100017089597.html,2万+条评价,三星京东自营官方旗舰店
1999.00,科大讯飞（iFLYTEK） AI智能学习机A10儿童家教机早教机点读机小学初高中学生英语家教机 科大讯飞A10（4G+64G）全国联保,https://item.jd.com/10054080887701.html,0条评价,汘慧数码专营店
1699.00,"京东超市
联想（Lenovo） 联想天骄平板 11英寸 学生平板电脑 学习平板 天骄学堂内含天骄保护夹和反射镜 2k全面屏 6GB+128GB WIFI 银白色",https://item.jd.com/10045079125843.html,1000+条评价,联想京东自营官方旗舰店
2799.00,华为平板MatePad11平板电脑二合一 2K高刷屏 6G+128G WIFI 海岛蓝 标配,https://item.jd.com/10034845551538.html,5000+条评价,千百回数码旗舰店
1139.00,酷比魔方 iPlay40 Pro 2021新款10.4英寸大屏全网通通话上网课学生学习平板电脑安卓 标配（黑色）+蓝牙键盘,https://item.jd.com/10034455948690.html,2000+条评价,酷比魔方旗舰店
2780.00,"爱心东东
平板电脑4K高清全面屏学生平板学习教育优惠版ipad网课办公游戏娱乐二合一【国行原装】 商务黑512G(免费试用+分期免息+一年换新) 14英寸全网通5G",https://item.jd.com/10050606932801.html,5000+条评价,荣耀小龙旗舰店
949.00,"线下同款
荣耀平板7 10.1英寸高PPI全面屏 双重护眼游戏智慧学习办公直播网课平板电脑 【T7】4G+64G WIFI版 薄荷绿 官方标配【壳膜套餐+蓝牙键盘+定制笔】",https://item.jd.com/10029970031676.html,5000+条评价,荣耀鼎升专卖店
2399.00,京东方BOE Funbook小课屏C1S 64G学生平板10.1英寸类纸护眼屏板早教机英语学习机儿童学习机儿童智能绘本,https://item.jd.com/100025298572.html,5000+条评价,funbook小课屏京东自营旗舰店
3899.00,"线下同款
华为（HUAWEI） 华为平板MatePad 11 高刷120Hz屏 商务办公娱乐学习电脑二合一 海岛蓝 WiFi 8GB+128GB 官方标配+原装手写笔+原装键盘【含标配好礼】",https://item.jd.com/10050032767569.html,5000+条评价,京东电竞官方旗舰店
1139.00,"线下同款
荣耀平板7 10.1英寸高PPI全面屏 双重护眼游戏智慧学习办公直播网课平板电脑 【T7】4G+128G WIFI版 薄荷绿 官方标配【壳膜套餐+蓝牙键盘+定制笔】",https://item.jd.com/10034581741052.html,5000+条评价,荣耀鼎升专卖店
2499.00,"京品电脑
vivo Pad 平板电脑 iQOO 8GB+128GB 深空灰 高通骁龙870 航空铝一体化机身 44W疾速闪充 vivo iqoopad",https://item.jd.com/100036282692.html,2000+条评价,iQOO京东官方自营旗舰店
3589.00,联想（Lenovo） 拯救者Y700平板电脑 8.8英寸120Hz高刷游戏电竞屏 高通骁龙870安卓 【12G+256G】WIFI 丨灰 官方标配,https://item.jd.com/10045893641313.html,2000+条评价,联想西南授权专卖店
1399.00,荣耀（HONOR） 荣耀平板安卓pad双重护眼游戏智慧学习办公平板电脑 直播网课平板 【T7】4G+64G/WIFI版/绿 【标配壳膜套餐】,https://item.jd.com/10038627134433.html,2000+条评价,京东电竞官方旗舰店
1899.00,小度智能学习平板S16（4+256GB）家教机 点读机 早教机 小学初中高中同步10.1英寸学习机 小度AI智能语音,https://item.jd.com/100025757148.html,10万+条评价,小度京东自营旗舰店
1899.00,华为平板MatePad 10.4英寸平板电脑2022款学生学习pad 【麒麟版】6G+128G WIFI 海岛蓝 【含保护壳+钢化膜+蓝牙键盘】+晒单礼,https://item.jd.com/10046702044555.html,2000+条评价,千百回数码旗舰店
1459.00,荣耀（HONOR） 荣耀电脑平板7 10.1英寸安卓ipad影音娱乐游戏办公学生网课二合一电脑 6G+128G WiFi版 薄荷绿,https://item.jd.com/10034787683621.html,500+条评价,荣耀鑫协达专卖店
4399.00,"线下同款
苹果（Apple） 新款 iPad Air5 10.9英寸平板电脑 WIFI版M1芯片 Air5 【 64G 】 【 蓝色 】 WIFI版 【官方标配】",https://item.jd.com/10046044076325.html,5万+条评价,APPLE翔合专卖店
1599.00,中柏（Jumper）11.6英寸二合一win11平板电脑笔记本学生学习网课（12G+128G/支持win11)EZpad pro8,https://item.jd.com/100019437784.html,2000+条评价,中柏平板京东自营旗舰店
679.00,酷比魔方 Smile X 2021新款10.1英寸八核大屏全网通学生学习安卓平板电脑上网课 标配:(4G+64G),https://item.jd.com/10020003279094.html,1万+条评价,酷比魔方旗舰店
2399.00,京东方BOE Funbook小课屏C1S 64G学生平板10.1英寸类纸护眼屏板早教机英语学习机儿童学习机儿童智能绘本,https://item.jd.com/100025298572.html,5000+条评价,funbook小课屏京东自营旗舰店
4799.00,希沃（seewo）W2网课学习机XT21S 15.6英寸触屏学生学习机学生平板家教初中网课学习机 6G+128G白,https://item.jd.com/100036831266.html,2000+条评价,希沃（seewo）京东自营旗舰店
1499.00,三星平板2022款Galaxy Tab A8 10.5英寸 4G+128GB 2K全面屏娱乐学习办公网课轻薄电脑 WiFi 遐想灰X200,https://item.jd.com/100030780178.html,2万+条评价,三星京东自营官方旗舰店
1499.00,三星平板2022款Galaxy Tab A8 10.5英寸 4G+128GB 2K全面屏娱乐学习办公网课轻薄电脑 WiFi 流樱粉X200,https://item.jd.com/100030780192.html,2万+条评价,三星京东自营官方旗舰店
1699.00,OPPO Pad Air 平板 10.36英寸 2K高清护眼屏 7100mAh 跨屏互联 6+128GB 影音娱乐办公学生网课电脑 雾灰,https://item.jd.com/100039178922.html,2000+条评价,OPPO京东自营官方旗舰店
1699.00,OPPO Pad Air 平板 10.36英寸 2K高清护眼屏 7100mAh 跨屏互联 6+128GB 影音娱乐办公学生网课电脑 星银,https://item.jd.com/100022696349.html,2000+条评价,OPPO京东自营官方旗舰店
3699.00,三星平板电脑Tab S7 FE 12.4英寸2.5K高清全面屏6G+128GB影音学习游戏办公 Lte版全网通【含Spen触控笔】黑色,https://item.jd.com/100022123512.html,1万+条评价,三星京东自营官方旗舰店
1899.00,"线下同款
华为（HUAWEI） 华为平板电脑MatePad 10.4英寸 麒麟820/710A 全面屏娱乐学习 【麒麟710A】海岛蓝 WiFi 6G+128G 官方标配",https://item.jd.com/10051470680526.html,500+条评价,京东电竞官方旗舰店
4299.00,科大讯飞AI学习机X2 Pro 4+128GB 10.5英寸 护眼平板电脑 学生平板 英语学习机 家教机 个性化精准学习,https://item.jd.com/100014075012.html,1万+条评价,科大讯飞京东自营旗舰店
1949.00,"线下同款
华为（HUAWEI） 华为平板电脑MatePad 10.4/11/10.8影音娱乐办公学习二合一 【新】麒麟版10.4丨6+128G WiFi 灰",https://item.jd.com/10026094352762.html,2万+条评价,华为千冠专卖店
749.00,小米电视EA32 2022款 32英寸 金属全面屏 蓝牙语音 高清720p 智能平板教育电视机L32M7-EA,https://item.jd.com/100020530544.html,100万+条评价,小米京东自营旗舰店
1599.00,"京品电脑
realme真我平板X 2022款11英寸2K莱茵护眼全面屏 骁龙33W闪充8340mAh长续航学习电脑6+128GB WIFI 荧绿棋盘",https://item.jd.com/100038846152.html,1000+条评价,真我realme京东自营旗舰店
2799.00,苹果iPad2021款平板电脑10.2英寸,https://item.jd.com/10042474391053.html,2万+条评价,疆界旗舰店
1199.00,联想平板小新Pad 2022 10.6英寸 学习办公娱乐影音平板电脑 莱茵低蓝光护眼 2k全面屏 4GB+64GB WIFI 静湖蓝,https://item.jd.com/100039567962.html,2万+条评价,联想京东自营旗舰店
2999.00,vivo Pad 平板电脑 iQOO 8GB+256GB 天空蓝 高通骁龙870 航空铝一体化机身 44W疾速闪充 vivo iqoopad,https://item.jd.com/100036282708.html,2000+条评价,iQOO京东官方自营旗舰店
1999.00,"线下同款
华为平板电脑Matepad10.4全面屏学生平板通话全网通学习网课二合一ipad11 麒麟新Pad10.4 6+128G Wifi矅石灰 多屏协同 2K护眼模式 电子书学习教育中心",https://item.jd.com/10033615392756.html,5万+条评价,星路者数码官方旗舰店
1999.00,"线下同款
华为平板电脑Matepad10.4全面屏学生平板通话全网通学习网课二合一ipad11 麒麟新Pad10.4 6+128G Wifi海岛蓝 多屏协同 2K护眼模式 电子书学习教育中心",https://item.jd.com/10033615392757.html,5万+条评价,星路者数码官方旗舰店
899.00,"线下同款
荣耀（HONOR） 荣耀平板6 10.1英寸 WiFi版 全面屏双重护眼影音娱乐学习办公pad 荣耀6 3G+32G WiFi版 官方标配",https://item.jd.com/71810342873.html,5000+条评价,千百回数码旗舰店
4199.00,华为（HUAWEI） 华为平板电脑MatePad Pro 12.6英寸二合一平板影音娱乐办公平板电脑 8G+128G WiFi版 曜石灰 官方标配,https://item.jd.com/10032906651976.html,500+条评价,圳豪数码专营店
2049.00,"线下同款
华为（HUAWEI） MatePad 2022款 10.4英寸2K全面屏ipad娱乐办公学习电脑 【麒麟版】6G+128G WiFi版 曜石灰 官方标配【下单送礼包】",https://item.jd.com/68997540557.html,1万+条评价,丽坤数码专营店
3699.00,"线下同款
苹果（Apple） ipad2021款第9代 10.2英寸 8代2020款更新款平板电脑 (iPad9) WiFi版【灰色】 256G ( 官 方 标 配 )",https://item.jd.com/10021713150869.html,20万+条评价,APPLE翔合专卖店
2528.00,"线下同款
苹果（Apple） ipad2021款第9代 10.2英寸 8代2020款更新款平板电脑 (iPad9) WiFi版【灰色】 64G 品质皮套+ 膜",https://item.jd.com/10021713150873.html,20万+条评价,APPLE翔合专卖店
2209.00,"拍拍
Apple 苹果平板电脑 iPad 9代 10.2英寸 2021款 二手平板电脑 大陆国行 深空灰色 64G wifi版",https://item.jd.com/10038898218825.html,1000+条评价,拍拍严选电脑数码官方旗舰店
8499.00,Apple iPad Pro 12.9英寸平板电脑 2021年款(128G WLAN版/M1芯片Liquid视网膜XDR屏/MHNF3CH/A) 深空灰色,https://item.jd.com/100020961260.html,5万+条评价,Apple产品京东自营旗舰店
1199.00,联想小新Pad 2022平板电脑,https://item.jd.com/10054241328236.html,500+条评价,京东电竞官方旗舰店
4588.00,微软Surface Go 3 酷睿i3 8G+128G 二合一平板电脑 亮铂金 10.5英寸人脸识别 学生 轻薄笔记本,https://item.jd.com/100027416802.html,1万+条评价,微软京东自营官方旗舰店
2999.00,vivo Pad 平板电脑 8GB+256GB 深空灰 高通骁龙870 航空铝一体化机身 120Hz超感原色屏 44W疾速闪充,https://item.jd.com/100020671639.html,2万+条评价,vivo京东自营官方旗舰店
678.00,【国行原装】平板电脑2022新款16G+512G超清全面屏5G全网通学生学习游戏娱乐办公二合一松翔 【旗舰版】12G运行+512G存储丨12英寸丨金,https://item.jd.com/10052447940252.html,1万+条评价,松翔旗舰店
2699.00,华为HUAWEI MatePad 10.4英寸悦动版 影音娱乐办公学习 专属教育中心 全面屏电脑6G+128G LTE 海岛蓝,https://item.jd.com/100020001031.html,1万+条评价,华为京东自营官方旗舰店
2699.00,华为HUAWEI MatePad 10.4英寸悦动版 影音娱乐办公学习 专属教育中心 护眼全面屏电脑6G+128G LTE 曜石灰,https://item.jd.com/100035134134.html,1万+条评价,华为京东自营官方旗舰店
1299.00,华为（HUAWEI） 华为平板电脑MatePad SE 10.1英寸 影音游戏娱乐学习平板电脑 4G+128G WiFi版 深海蓝 官方标配,https://item.jd.com/10050516422795.html,95条评价,圳豪数码专营店
1668.00,"线下同款
荣耀显通 自营平板电脑ipad高清4k教育优惠版大屏新款2022超薄十核学习游戏二合一娱乐办公 星空蓝128g(免费试用+分期免息+蓝牙键盘) 14英寸全网通5g wif",https://item.jd.com/10049131476191.html,2万+条评价,荣耀小龙旗舰店
3099.00,荣耀平板V7 Pro 8+256GB WIFI版 曙光蓝 2.5K 120Hz护眼全面屏 多屏协同 悬浮键盘 商务办公娱乐网课电脑,https://item.jd.com/100025029430.html,1万+条评价,荣耀京东自营旗舰店
929.00,【七仓发次日达】华为平板M5 8.0英寸 影音娱乐游戏办公学习平板电脑 M5青春版 8英寸4+64GB wifi版 香槟金 官方标配,https://item.jd.com/10037838454750.html,2000+条评价,京东之家官方旗舰店
899.00,"线下同款
华为（HUAWEI） 华为平板M5青春版 平板电脑8英寸m5安卓手机pad 4G八核全网通通话 4G+64G金色 WiFi版 官方标配",https://item.jd.com/38681808445.html,1万+条评价,科族数码专营店
389.00,台电（TECLAST） P80升级8英寸安卓11平板电脑WiFi蓝牙安卓轻薄娱乐32GB网课学习 P80:2G+32G标配+(充电器）,https://item.jd.com/63786365610.html,2000+条评价,致佳专营店
3699.00,三星平板电脑Tab S7 FE 12.4英寸2.5K高清全面屏6G+128GB影音学习游戏办公 Lte版全网通【含Spen触控笔】黑色,https://item.jd.com/100022123512.html,1万+条评价,三星京东自营官方旗舰店
899.00,三星平板Galaxy Tab A7 Lite 8.7英寸2021款 3G+32GB影音学习娱乐办公网课平板电脑Wi-Fi版 遐想灰SM-T220,https://item.jd.com/100011778869.html,5000+条评价,三星京东自营官方旗舰店
3799.00,Apple iPad mini 8.3英寸平板电脑 2021年款（64GB WLAN版/A15芯片/全面屏/触控ID MK7M3CH/A） 深空灰色,https://item.jd.com/100014352497.html,10万+条评价,Apple产品京东自营旗舰店
558.00,柒友 超薄新款十核平板电脑安卓全网通5Gwifi娱乐高清影音游戏流畅平板二合一 酷黑色12G+128G送豪礼+三年换新+五年保修 12英寸全网通+5G双频WIFI旗舰版,https://item.jd.com/10033632551815.html,2万+条评价,恒青平板电脑专营店
1699.00,三星平板2022款Galaxy Tab A8 10.5英寸 4G+128GB 娱乐学习办公网课平板电脑 LTE全网通通话版 遐想灰X205C,https://item.jd.com/100031023114.html,2万+条评价,三星京东自营官方旗舰店
2299.00,荣耀平板V7 8+128GB 曙光蓝 WIFI版 高刷护眼全面屏 多屏协同 商务办公影音娱乐游戏网课电脑,https://item.jd.com/100026794818.html,2万+条评价,荣耀京东自营旗舰店
4399.00,苹果iPadAir5平板电脑2022年新款,https://item.jd.com/10021716078122.html,2万+条评价,疆界旗舰店
1299.00,三星平板2022款Galaxy Tab A8 10.5英寸 4G+64GB 2K全面屏娱乐学习办公网课轻薄电脑 WiFi 雕刻银X200,https://item.jd.com/100030780194.html,2万+条评价,三星京东自营官方旗舰店
1789.00,联想平板电脑小新Pad 安卓平板二合一 学习学生办公 莱茵低蓝光 护眼模式 11.5英寸丨小新Pad Pro 6G+128G灰 WIFI 官方标配,https://item.jd.com/59295173236.html,2万+条评价,千百回数码旗舰店
3799.00,Apple iPad mini 8.3英寸平板电脑 2021年款（64GB WLAN版/A15芯片/全面屏/触控ID MK7P3CH/A） 星光色,https://item.jd.com/100014352527.html,10万+条评价,Apple产品京东自营旗舰店
3299.00,华为HUAWEI MatePad Pro 10.8英寸 鸿蒙HarmonyOS 影音娱乐办公学习平板电脑 6+128GB WIFI贝母白,https://item.jd.com/100033800916.html,10万+条评价,华为京东自营官方旗舰店
5099.00,Apple iPad Air 10.9英寸平板电脑 2022年款(256G WLAN版/M1芯片 MM9N3CH/A) 蓝色【教育优惠版】,https://item.jd.com/100034710066.html,10万+条评价,Apple产品京东自营旗舰店
2788.00,荣耀（HONOR） 荣耀平板V7Pro5G高刷平板电脑二合一游戏电竞直播网课平板电脑学生pad 【V7Pro】8+128GB WIFI版 曙光蓝 标配【下单含壳膜套餐】,https://item.jd.com/10037135761212.html,5000+条评价,京东电竞官方旗舰店
4999.00,Apple iPad mini 8.3英寸平板电脑 2021年款（256GB WLAN版/A15芯片/全面屏/触控ID MK7X3CH/A） 紫色,https://item.jd.com/100014352585.html,10万+条评价,Apple产品京东自营旗舰店
2799.00,"线下同款
华为（HUAWEI） 平板电脑MatePad 11全面屏二合一鸿蒙平板高刷120HZ 骁龙865 6G+128G WiFi版 曜石灰 官方标配+赠品【晒单送礼】",https://item.jd.com/10020775901746.html,1万+条评价,华为升昌专卖店
5099.00,Apple iPad Air 10.9英寸平板电脑 2022年款(256G WLAN版/M1芯片 MM9P3CH/A) 星光色【教育优惠版】,https://item.jd.com/100019718309.html,10万+条评价,Apple产品京东自营旗舰店
7399.00,三星5G平板电脑2022款旗舰Tab S8+ 12.4英寸 8G+128G 新骁龙8 Gen 1 2.8K+120Hz高刷+SAMOLED高清屏5G版灰色,https://item.jd.com/100018572499.html,2000+条评价,三星京东自营官方旗舰店
3999.00,Apple【教育优惠版】 iPad Air10.9英寸平板电脑（ 2020年款 64GWLAN版/A14芯片 / MYFM2CH/A)深空灰色,https://item.jd.com/100009298525.html,50万+条评价,Apple产品京东自营旗舰店
3699.00,荣耀平板V7 Pro 8+256GB 5G版曙光蓝 2.5K 120Hz护眼全面屏多屏协同 悬浮键盘 商务办公影音娱乐网课电脑,https://item.jd.com/100015009165.html,2万+条评价,荣耀京东自营旗舰店
3988.00,微软Surface Go 3 8G+128G 二合一平板电脑 亮铂金 10.5英寸人脸识别 学生平板 轻薄笔记本,https://item.jd.com/100027416804.html,1万+条评价,微软京东自营官方旗舰店
1139.00,"线下同款
荣耀平板7 10.1英寸 WiFi版 双重护眼游戏智慧学习办公平板 电脑直播网课 【荣耀T7】4G+128G WIFI版 薄荷绿 官方标配【壳膜套餐+蓝牙键盘+定制触控笔",https://item.jd.com/10033534333443.html,1万+条评价,荣耀鼎升专卖店
979.00,台电（TECLAST） M40Air安卓二合一平板电脑10.1英寸8+128G学生学习游戏平板Pad 官方标配,https://item.jd.com/10052143333591.html,72条评价,台电数码直营旗舰店
2299.00,荣耀平板V7 8+128GB 琥珀金 WIFI版 高刷护眼全面屏 多屏协同 商务办公影音娱乐游戏网课电脑,https://item.jd.com/100026794814.html,1000+条评价,荣耀京东自营旗舰店
3399.00,Apple【教育优惠版】 iPad mini 8.3英寸平板电脑 2021年款（64GB WLAN版/A15芯片 MLWL3CH/A） 粉色,https://item.jd.com/100027743432.html,10万+条评价,Apple产品京东自营旗舰店
1899.00,小度智能学习平板S16（4+256GB）家教机 点读机 早教机 小学初中高中同步10.1英寸学习机 小度AI智能语音,https://item.jd.com/100025757148.html,10万+条评价,小度京东自营旗舰店
2480.00,"爱心东东
平板电脑4K高清全面屏学生平板学习教育优惠版ipad网课办公游戏娱乐二合一【国行原装】 商务黑256G(免费试用+分期免息+一年换新) 14英寸全网通5G",https://item.jd.com/10050606932797.html,5000+条评价,荣耀小龙旗舰店
1458.00,荣耀帝王 平板电脑国行14英寸超清大屏2022新款5G全网通十核游戏学习二合一办公教育优惠ipad 14英寸精致银(12G+256G) 全网通5G(无线键盘鼠标套装)五年换新,https://item.jd.com/10051279142714.html,2000+条评价,追光者电脑办公专营店
1159.00,中柏（Jumper）EZpad 8 10.1英寸6G+128G触屏 二合一平板电脑笔记本 支持win11 WiFi版 网课学习轻办公,https://item.jd.com/100009351821.html,1万+条评价,中柏平板京东自营旗舰店
1599.00,荣耀平板电脑 荣耀平板V6 10.4英寸2K屏手机影音娱乐游戏V7直播网课学习pro办公ipad 6+64GB WiFi版 幻影黑,https://item.jd.com/10028496696634.html,500+条评价,港讯智能专营店
3399.00,"线下同款
华为（HUAWEI） 华为平板MatePad 11 高刷120Hz屏 商务办公娱乐学习电脑二合一 曜石灰 WiFi 6GB+256GB 官方标配【含保护套+钢化膜+蓝牙键盘】",https://item.jd.com/10048898632374.html,5000+条评价,京东电竞官方旗舰店
3899.00,华为（HUAWEI） MatePad Pro平板电脑10.8/12.6英寸鸿蒙二合一全面屏ipad 10.8丨8+256GB WIFI夜阑灰 官方标配,https://item.jd.com/10048689065875.html,100+条评价,肆玖聚力电脑专营店
11999.00,三星5G平板电脑14.6英寸[套装版]Tab S8 Ultra超大屏16G+512GB新骁龙8 Gen 1 3K屏+120Hz+OLED/含Spen+键盘,https://item.jd.com/100032996682.html,1000+条评价,三星京东自营官方旗舰店
4388.00,"线下同款
苹果（Apple） 新款 iPad Air5 10.9英寸平板电脑 WIFI版M1芯片 Air5 【 64G 】 【 星光 】 WIFI版 【官方标配】",https://item.jd.com/20764151783.html,5万+条评价,APPLE翔合专卖店
2699.00,联想（Lenovo） 小新PadPro安卓学生学习网课莱茵低蓝光护眼屏游戏娱乐影音二合一办公电脑 小新Pad Pro 6G+128GB,https://item.jd.com/10024622158588.html,1万+条评价,联想授权旗舰店
2399.00,"线下同款
华为（HUAWEI） 华为平板电脑MatePad 10.4/11/10.8影音娱乐办公学习二合一 【新】悦动版10.4丨6+64G WiFi 银",https://item.jd.com/10026094352757.html,2万+条评价,华为千冠专卖店
2580.00,"爱心东东
平板电脑4K高清全面屏学生平板学习教育优惠版ipad网课办公游戏娱乐二合一【国行原装】 商务黑512G(免费试用+分期免息+一年换新) 12英寸全网通5G",https://item.jd.com/10050606932800.html,5000+条评价,荣耀小龙旗舰店
2399.00,Apple苹果iPad平板电脑10.2英寸2021款第9代,https://item.jd.com/10046851625966.html,200+条评价,京东电竞官方旗舰店
2799.00,"线下同款
荣耀平板V7Pro平板电脑二合一高刷屏影音娱乐游戏学习办公平板电脑学生考研pad 11英寸Pro 曙光蓝 8G+256G WIFI版 【下单含壳膜套餐+蓝牙键盘+定制触控笔",https://item.jd.com/10036078893052.html,5000+条评价,荣耀鼎升专卖店
1049.00,"线下同款
华为平板电脑畅享平板2 10.1英寸大屏娱乐影音可通话视频学生平板全网通Matepad SE 【新款Pad SE】4G+64G Wifi 深海蓝 学习娱乐 教育/护眼模式",https://item.jd.com/10025620604183.html,2万+条评价,星路者数码官方旗舰店
1049.00,"线下同款
华为（HUAWEI） 华为平板电脑MatePad 11/10.4/M5/M6/畅享/SE平板iPad M5青春版丨4+64G WiFi版 香槟金",https://item.jd.com/10033441763289.html,5000+条评价,华为千冠专卖店
1198.00,联想平板电脑小新Pad学生网课学习Plus娱乐办公二合一游戏手写绘画Pro安卓莱茵护眼全面屏电脑 小新Pad 6G+128G 2022款 灰 莱茵护眼全面屏 官方标配,https://item.jd.com/10033794520085.html,2万+条评价,联想德信专卖店
988.00,14英寸平板电脑12+512G全网通5Gwifi十核游戏办公二合一平板超清4K全面屏学习机教育版蓝魔 银灰色丨12+128G丨五年质保+定制原装鼠标键盘 12英寸全网通5G,https://item.jd.com/10048244860083.html,1万+条评价,唯品时代平板电脑专营店
718.00,2022新款【国行原装】双系统平板电脑超清4K全面屏十核5G全网通誉本娱乐办公学习二合一iPad P75 烟狼灰丨12+128G丨豪华+5年质保 12英寸丨5G全网通可插卡wifi丨旗舰版,https://item.jd.com/10052788882122.html,200+条评价,圣鸽平板电脑专营店
2699.00,"线下同款
华为（HUAWEI） 华为平板MatePad 11 墨水21款平板电脑120Hz高刷全面屏ipad 【现货】海岛蓝｜6G+128G WiFi版 标配（含保护套+钢化膜+蓝牙键盘）",https://item.jd.com/10020522902214.html,1万+条评价,肆玖聚力电脑专营店
2699.00,"线下同款
华为（HUAWEI） 华为平板MatePad 11 墨水21款平板电脑120Hz高刷全面屏ipad 【现货】曜石灰｜6G+128G WiFi版 标配（含保护套+钢化膜+蓝牙键盘）",https://item.jd.com/10028846212660.html,1万+条评价,肆玖聚力电脑专营店
2899.00,"线下同款
华为（HUAWEI） 华为平板电脑MatePad 10.4/11/10.8影音娱乐办公学习二合一 【新】悦动版10.4丨6+128G 全网通 灰",https://item.jd.com/10034446286529.html,2万+条评价,华为千冠专卖店
2999.00,"线下同款
荣耀（HONOR）荣耀平板V7Pro高清高刷平板电脑5G二合一平板6游戏直播网课学习办公学生ipad 【V7 Pro】8G+256G WiFi版 晨晖金",https://item.jd.com/10035300004908.html,1万+条评价,港讯智能专营店
2499.00,"线下同款
华为（HUAWEI） 华为平板电脑MatePad 10.4/11/10.8影音娱乐办公学习二合一 【新】悦动版10.4丨6+128G WiFi 灰",https://item.jd.com/10026666992963.html,2万+条评价,华为千冠专卖店
8999.00,三星平板电脑2022款旗舰14.6英寸Tab S8 Ultra超大屏16G+512GB 新骁龙8 Gen 1 120Hz高刷+3K屏+OLED/含S Pen,https://item.jd.com/100033922922.html,1000+条评价,三星京东自营官方旗舰店
3099.00,荣耀（HONOR） 荣耀平板V7Pro高刷11英寸5G二合一平板游戏网课学习办公学生电脑iPad 【V7Pro】8G+256G WiFi版 曙光蓝,https://item.jd.com/10035367960706.html,1000+条评价,荣耀丽坤世纪专卖店
2699.00,"线下同款
苹果（Apple） iPad9代苹果平板电脑10.2英寸学生娱乐办公 iPad2021 深空灰色【2021款】 WLAN版64G",https://item.jd.com/10021899184623.html,2万+条评价,传天羽旗舰店
1368.00,荣耀帝王 平板电脑高清大屏国行新款2022超薄十核学习游戏二合一全网通5g娱乐办公教育优惠ipad 石墨黑128g+【免费试用+免费分息+蓝牙键盘】 14英寸全,https://item.jd.com/10052868016758.html,5000+条评价,荣耀帝王旗舰店
1118.00,平板电脑【同城现货】16G+512G骁龙845高清低蓝光2K全面屏5G速系轻薄2022新款WIFI 流光银12G+128G+定制无线鼠标+高端键盘 14英寸｜升级旗舰｜骁龙845八核,https://item.jd.com/10048720266648.html,500+条评价,速系旗舰店
2799.00,"线下同款
苹果（Apple） ipad2021新款第9代 10.2英寸平板电脑 A13芯片 灰色【官方标配】 64G WIFI版 【现货速发】",https://item.jd.com/10028405170802.html,5000+条评价,潮品聚数码旗舰店
3599.00,苹果（Apple） iPad mini6 8.3英寸平板电脑2021年新款 WLAN版 紫色 64G【 官 方 标 配 】,https://item.jd.com/10037750180736.html,2000+条评价,APPLE聚石专卖店
1199.00,中柏（Jumper）11.6英寸win11平板电脑二合一笔记本学习网课轻办公（6G+128G/四核/支持win11)EZpad pro8,https://item.jd.com/100015285742.html,1万+条评价,中柏平板京东自营旗舰店
4399.00,苹果（Apple） 【新品】ipad air5 10.9英寸2022新款平板电脑WIFI款 Air5--紫色 64G 【 国 行 标 配 】,https://item.jd.com/10043210166463.html,1000+条评价,一象数码专营店
2199.00,"线下同款
华为（HUAWEI） 华为平板电脑MatePad 10.4英寸 影音娱乐办公学习教育中心 护眼全面屏 【悦动版】曜石灰 WiFi 6GB+64GB 官方标配",https://item.jd.com/10048884048478.html,500+条评价,京东电竞官方旗舰店
3899.00,"线下同款
华为（HUAWEI） 华为平板MatePad 11 高刷120Hz屏 商务办公娱乐学习电脑二合一 曜石灰 WiFi 8GB+128GB 官方标配+原装手写笔+原装键盘【含标配好礼】",https://item.jd.com/10050032767572.html,5000+条评价,京东电竞官方旗舰店
2999.00,"线下同款
华为（HUAWEI） MatePad 11 120Hz高刷全面屏ipad娱乐办公学习二合一电脑 6G+128G WiFi版 海岛蓝 官方标配【晒单送好礼】",https://item.jd.com/10020311151374.html,1万+条评价,丽坤数码专营店
498.00,快译通 儿童平板电脑早教机学习机 儿童pad 宝宝护眼阅读平板 1-3-6岁学前教育小学通用学习 基础版:8寸/四核/80G 官方标配【参与活动享三年保修/详询客服】,https://item.jd.com/10042828655664.html,2000+条评价,快译通电教专卖店
796.00,"线下同款
平板电脑12+512G二合一安卓手机全面屏5G全网通 烽想 浅灰蓝|12+128G|免费试用+定制豪礼|五年保 12英寸5GWiFi全网通-旗舰版",https://item.jd.com/10043562293274.html,5000+条评价,烽想弘樱专卖店
6299.00,三星5G平板电脑2022款旗舰Tab S8 11英寸 8G+256G 新骁龙8 Gen 1 120Hz高刷+2.5K高清LTPS屏/S Pen/5G版/灰色,https://item.jd.com/100018572507.html,1000+条评价,三星京东自营官方旗舰店
2480.00,"爱心东东
平板电脑4K高清全面屏学生平板学习教育优惠版ipad网课办公游戏娱乐二合一【国行原装】 商务黑256G(免费试用+分期免息+一年换新) 14英寸全网通5G",https://item.jd.com/10050606932797.html,5000+条评价,荣耀小龙旗舰店
1458.00,荣耀帝王 平板电脑国行14英寸超清大屏2022新款5G全网通十核游戏学习二合一办公教育优惠ipad 14英寸精致银(12G+256G) 全网通5G(无线键盘鼠标套装)五年换新,https://item.jd.com/10051279142714.html,2000+条评价,追光者电脑办公专营店
9999.00,三星5G平板电脑2022款旗舰14.6英寸Tab S8 Ultra超大屏16G+512GB 新骁龙8 Gen 1 120Hz高刷+3K屏+OLED/含SPen,https://item.jd.com/100019111575.html,1000+条评价,三星京东自营官方旗舰店
1599.00,华为（HUAWEI） 华为平板电脑MatePad 10.4英寸2022款影音娱乐办公学习平板 6G+64G WiFi版 曜石灰 官方标配,https://item.jd.com/10046701019928.html,1000+条评价,圳豪数码专营店
3399.00,"线下同款
华为（HUAWEI） 华为平板MatePad 11 高刷120Hz屏 商务办公娱乐学习电脑二合一 曜石灰 WiFi 6GB+256GB 官方标配【含保护套+钢化膜+蓝牙键盘】",https://item.jd.com/10048898632374.html,5000+条评价,京东电竞官方旗舰店
11999.00,三星5G平板电脑14.6英寸[套装版]Tab S8 Ultra超大屏16G+512GB新骁龙8 Gen 1 3K屏+120Hz+OLED/含Spen+键盘,https://item.jd.com/100032996682.html,1000+条评价,三星京东自营官方旗舰店
4388.00,"线下同款
苹果（Apple） 新款 iPad Air5 10.9英寸平板电脑 WIFI版M1芯片 Air5 【 64G 】 【 星光 】 WIFI版 【官方标配】",https://item.jd.com/20764151783.html,5万+条评价,APPLE翔合专卖店
1239.00,"线下同款
荣耀（HONOR） 荣耀平板7 10.1英寸高清平板电脑娱乐T游戏直播网课学习学生办公iPad 【荣耀T7】4+128GB WiFi版 星空灰",https://item.jd.com/10048936353423.html,1万+条评价,港讯智能专营店
2699.00,联想（Lenovo） 小新PadPro安卓学生学习网课莱茵低蓝光护眼屏游戏娱乐影音二合一办公电脑 小新Pad Pro 6G+128GB,https://item.jd.com/10024622158588.html,1万+条评价,联想授权旗舰店
988.00,14英寸平板电脑12+512G全网通5Gwifi十核游戏办公二合一平板超清4K全面屏学习机教育版蓝魔 银灰色丨12+128G丨五年质保+定制原装鼠标键盘 12英寸全网通5G双科技WiFi超速尊享旗舰版,https://item.jd.com/10048244860083.html,1万+条评价,唯品时代平板电脑专营店
2580.00,"爱心东东
平板电脑4K高清全面屏学生平板学习教育优惠版ipad网课办公游戏娱乐二合一【国行原装】 商务黑512G(免费试用+分期免息+一年换新) 12英寸全网通5G",https://item.jd.com/10050606932800.html,5000+条评价,荣耀小龙旗舰店
2799.00,"线下同款
荣耀平板V7Pro平板电脑二合一高刷屏影音娱乐游戏学习办公平板电脑学生考研pad 11英寸Pro 曙光蓝 8G+256G WIFI版 【下单含壳膜套餐+蓝牙键盘+定制触控笔",https://item.jd.com/10036078893052.html,5000+条评价,荣耀鼎升专卖店
1049.00,"线下同款
华为（HUAWEI） 华为平板电脑MatePad 11/10.4/M5/M6/畅享/SE平板iPad M5青春版丨4+64G WiFi版 香槟金",https://item.jd.com/10033441763289.html,5000+条评价,华为千冠专卖店
1198.00,联想平板电脑小新Pad学生网课学习Plus娱乐办公二合一游戏手写绘画Pro安卓莱茵护眼全面屏电脑 小新Pad 6G+128G 2022款 灰 莱茵护眼全面屏 官方标配,https://item.jd.com/10033794520085.html,2万+条评价,联想德信专卖店
2699.00,"线下同款
华为（HUAWEI） 华为平板MatePad 11 墨水21款平板电脑120Hz高刷全面屏ipad 【现货】海岛蓝｜6G+128G WiFi版 标配（含保护套+钢化膜+蓝牙键盘）",https://item.jd.com/10020522902214.html,1万+条评价,肆玖聚力电脑专营店
3199.00,华为平板MatePad Pro 8G+128G夜阑灰送定制笔,https://item.jd.com/68212862330.html,1万+条评价,华为升昌专卖店
2699.00,"线下同款
华为（HUAWEI） 华为平板MatePad 11 墨水21款平板电脑120Hz高刷全面屏ipad 【现货】曜石灰｜6G+128G WiFi版 标配（含保护套+钢化膜+蓝牙键盘）",https://item.jd.com/10028846212660.html,1万+条评价,肆玖聚力电脑专营店
3799.00,"线下同款
华为（HUAWEI） 华为平板MatePad 11 高刷120Hz屏 商务办公娱乐学习电脑二合一 夏日胡杨 WiFi 6GB+256GB 官方标配+二代原装手写笔【含标配好礼】",https://item.jd.com/10050032767564.html,5000+条评价,京东电竞官方旗舰店
2699.00,"线下同款
苹果（Apple） iPad9代苹果平板电脑10.2英寸学生娱乐办公 iPad2021 深空灰色【2021款】 WLAN版64G",https://item.jd.com/10021899184623.html,2万+条评价,传天羽旗舰店
1368.00,荣耀帝王 平板电脑高清大屏国行新款2022超薄十核学习游戏二合一全网通5g娱乐办公教育优惠ipad 石墨黑128g+【免费试用+免费分息+蓝牙键盘】 14英寸全,https://item.jd.com/10052868016758.html,5000+条评价,荣耀帝王旗舰店
1118.00,平板电脑【同城现货】16G+512G骁龙845高清低蓝光2K全面屏5G速系轻薄2022新款WIFI 流光银12G+128G+定制无线鼠标+高端键盘 14英寸｜升级旗舰｜骁龙845八核,https://item.jd.com/10048720266648.html,500+条评价,速系旗舰店
3699.00,三星平板电脑Tab S7 FE 12.4英寸2.5K高清全面屏6G+128GB影音学习游戏办公 Lte版全网通【含Spen触控笔】黑色,https://item.jd.com/100022123512.html,1万+条评价,三星京东自营官方旗舰店
3889.00,"线下同款
苹果（Apple） iPad9代苹果平板电脑10.2英寸学生娱乐办公 iPad2021 银色【2021款】 WLAN版256G",https://item.jd.com/10021899179179.html,2万+条评价,传天羽旗舰店
986.00,"线下同款
平板电脑12+512G二合一安卓手机全面屏5G全网通 烽想 星空灰|12+128G|免费试用+定制豪礼|五年保 14英寸5GWiFi全网通+电竞版+蓝牙键盘",https://item.jd.com/10043562293273.html,5000+条评价,烽想弘樱专卖店
12148.00,"线下同款
苹果（Apple） ipadpro2021 11/12.9英寸M1二合一苹果平板电脑2020升级款 12.9寸 灰 +定制笔+壳膜 512G WLAN版",https://item.jd.com/68538408616.html,2万+条评价,疆界旗舰店
9388.00,微软Surface Pro 7+ 商用版 11代i5 1135G7 8G+256G 锐炬Xe 12.3英寸高色域 亮铂金 二合一电脑 WiFi版,https://item.jd.com/100017522134.html,5000+条评价,微软商用自营官方旗舰店
12148.00,"线下同款
苹果（Apple） ipadpro2021 11/12.9英寸M1二合一苹果平板电脑2020升级款 12.9寸 银 +定制笔+壳膜 512G WLAN版",https://item.jd.com/68538408608.html,2万+条评价,疆界旗舰店
4199.00,华为（HUAWEI） 华为平板电脑MatePad Pro 12.6英寸二合一平板影音娱乐办公平板电脑 8G+128G WiFi版 曜石灰 官方标配,https://item.jd.com/10032906651976.html,500+条评价,圳豪数码专营店
8688.00,GenTude V2 二合一平板电脑 11代i5 1135G7 16G+512G锐炬Xe 13.4英寸 4K屏 商务黑二合一电脑WiFi版,https://item.jd.com/100015311549.html,100+条评价,GenTude京东自营旗舰店
2499.00,"线下同款
荣耀（HONOR）荣耀平板V7Pro高清高刷平板电脑5G二合一平板6游戏直播网课学习办公学生ipad 【V7】6G+128G 5G版 曙光蓝",https://item.jd.com/10043720970203.html,1万+条评价,港讯智能专营店
999.00,酷比魔方 iPlay40H 新款10.4英寸大屏全网通通话上网课学生学习平板电脑安卓 白色【标配(8G+128G）】,https://item.jd.com/10024623372349.html,5000+条评价,酷比魔方旗舰店
2299.00,台电（TECLAST） X6Plus学生网课学习商务办公windows10系统二合一平板电脑笔记本 8GB+256GB（不含键盘/笔）,https://item.jd.com/10038879591750.html,100+条评价,台电数码直营旗舰店
5698.00,"京东国际
Apple 苹果 iPad Pro 11英寸平板计算机 2021款128G WLAN版/M1 海外版 128G 银色",https://item.jd.com/10051782334316.html,100+条评价,京东国际星选旗舰店
1980.00,荣耀显通 平板电脑4K高清全面屏学生平板学习教育优惠版ipad网课办公游戏娱乐二合一【国行原装】 商务黑128G(免费试用+分期免息+一年换新) 12英寸全网通5G WIFI至尊版,https://item.jd.com/10050606932792.html,5000+条评价,荣耀小龙旗舰店
2449.00,华为（HUAWEI） 平板Matepad 11 办公影音娱乐学习网课通话二合一平板电脑ipadpro 【高刷屏】6+128G WiFi 冰霜银 多屏协同 2K护眼模式 电子书学习教育中心,https://item.jd.com/10045777965864.html,2万+条评价,星路者数码官方旗舰店
839.00,"线下同款
联想平板M10 Plus平板电脑10.3英寸网课学习支持学生模式安卓pad 标准版 4G+64G WIFI TB-X606F",https://item.jd.com/32073817940.html,2000+条评价,千百回数码旗舰店
2689.00,"线下同款
OPPO Pad平板 平板电脑 11英寸影音办公学习学生2.5K屏120Hz高刷骁龙870 极光紫 6G+256G",https://item.jd.com/10044840851430.html,5000+条评价,风驰数码专营店
2299.00,"线下同款
小米（MI） 小米平板5/5 Pro 11英寸平板电脑2.5K高清屏120Hz高刷 影音娱乐办公学习 【小米5】绿色 WiFi 6+128G 官方标配【含定制保护套+定制钢化膜】",https://item.jd.com/10043396474047.html,5000+条评价,京东电竞官方旗舰店
3189.00,联想（Lenovo） 拯救者Y700平板电脑 8.8英寸120Hz高刷游戏电竞屏 高通骁龙870安卓 【8G+128G】WIFI 丨灰 官方标配,https://item.jd.com/10042227737028.html,2000+条评价,联想西南授权专卖店
940.00,2022新款12G+512G【国行原装】14英寸超清全面屏安卓5G全网通游戏二合一品弘本 优雅橙丨12+256G丨免费换新+原装皮套蓝牙键盘 12英寸全网通5G WIFI至尊旗舰版 终身保修,https://item.jd.com/10047888084136.html,500+条评价,简易生活数码时代电脑办公专营店
4999.00,华为平板MatePad Pro 10.8/12.6英寸平板电脑二合一鸿蒙pad 12.6英寸丨8G+256G 冰霜银 WIFI 标配,https://item.jd.com/56281694939.html,1万+条评价,千百回数码旗舰店
1558.00,荣耀帝王 平板电脑国行14英寸超清大屏2022新款5G全网通十核游戏学习二合一办公教育优惠ipad 12英寸精致银(12G+512G) 全网通5G(无线键盘鼠标套装)五年换新,https://item.jd.com/10051279120306.html,2000+条评价,追光者电脑办公专营店
2689.00,"线下同款
OPPO Pad平板 平板电脑 11英寸影音办公学习学生2.5K屏120Hz高刷骁龙870 耀夜黑 6G+256G",https://item.jd.com/10044840851427.html,5000+条评价,风驰数码专营店
1038.00,平板电脑【同城现货】16G+512G骁龙845高清低蓝光2K全面屏5G速系轻薄2022新款WIFI 流光银12G+128G+定制无线鼠标+高端键盘 12英寸｜轻薄办公｜网课学习娱乐,https://item.jd.com/10048720266649.html,500+条评价,速系旗舰店
1299.00,华为（HUAWEI） 华为平板MatePad 10.4/畅享2网课影音娱乐教育二合一平板电脑ipad MatePad SE丨4G+64G WiFi版蓝 标配（含保护套装+原装耳机）,https://item.jd.com/10054011987172.html,5000+条评价,肆玖聚力电脑专营店
3599.00,苹果（Apple） iPad mini6 8.3英寸平板电脑2021年新款 WLAN版 紫色 64G【 官 方 标 配 】,https://item.jd.com/10037750180736.html,2000+条评价,APPLE聚石专卖店
10688.00,GenTude V2 二合一平板电脑 11代i7 1165G7 16G+512G锐炬Xe 13.4英寸 4K屏 商务黑二合一电脑WiFi版,https://item.jd.com/100028110396.html,100+条评价,GenTude京东自营旗舰店
2099.00,"线下同款
荣耀平板V7Pro平板电脑二合一高刷屏影音娱乐游戏学习办公平板电脑学生考研pad 10.4英寸V7钛空银 8+128GB WiFi版 【下单含壳膜套餐+蓝牙键盘+定制触控笔",https://item.jd.com/10037716217971.html,5000+条评价,荣耀鼎升专卖店
1599.00,"线下同款
华为（HUAWEI） 华为平板电脑MatePad 10.4英寸 影音娱乐办公学习教育中心 护眼全面屏 【麒麟版】曜石灰 WiFi 6GB+64GB 官方标配",https://item.jd.com/10048884048470.html,500+条评价,京东电竞官方旗舰店
2299.00,小米（MI） 小米平板5 2.5K 120HZ 11英寸大屏 骁龙860 影音娱乐办公学习网课 白 6+256,https://item.jd.com/10035979288609.html,2000+条评价,小米官方旗舰店
1699.00,"线下同款
荣耀平板v7 10.4英寸平板电脑5G二合一平板6pro娱乐游戏直播网课学习学生办公电脑iPad V7【4G+128G WiFI版】钛空银",https://item.jd.com/10044505343623.html,2000+条评价,港讯智能专营店
1980.00,荣耀显通 平板电脑4K高清全面屏学生平板学习教育优惠版ipad网课办公游戏娱乐二合一【国行原装】 商务黑128G(免费试用+分期免息+一年换新) 12英寸全网通5G WIFI至尊版,https://item.jd.com/10050606932792.html,5000+条评价,荣耀小龙旗舰店
4199.00,"线下同款
华为（HUAWEI） 华为平板MatePad 11 高刷120Hz屏 商务办公娱乐学习电脑二合一 夏日胡杨 WiFi 6GB+256GB 官方标配+原装手写笔+原装键盘【含标配好礼】",https://item.jd.com/10050032767566.html,5000+条评价,京东电竞官方旗舰店
3799.00,"线下同款
小米（MI） 小米平板5 Pro 11英寸2.5K高清大屏 5G影音娱乐办公学习电脑 指纹解锁 黑色 5G插卡 8+256G 官方标配【含定制保护套+定制钢化膜】",https://item.jd.com/10043396701206.html,200+条评价,京东电竞官方旗舰店
2348.00,荣耀（HONOR） 荣耀平板V7Pro高刷11英寸5G二合一平板游戏网课学习办公学生电脑iPad 【V7Pro】6G+128G WiFi版 曙光蓝,https://item.jd.com/10035327509238.html,1000+条评价,荣耀丽坤世纪专卖店
1999.00,"线下同款
小米（MI） 小米平板5 11英寸大屏2.5K高清120Hz高刷新率 影音娱乐办公学习电脑 黑色 WIFI 6+128G 官方标配【含定制保护套+定制钢化膜】",https://item.jd.com/10043503204899.html,500+条评价,京东电竞官方旗舰店
7288.00,"线下同款
联想平板YOGADuet平板电脑二合一笔记本13英寸pad轻薄超极本 2021款 i5-1135G7 16G+512G YOGA Duet 内置键盘+手写笔",https://item.jd.com/13649250834.html,1000+条评价,千百回数码旗舰店
1299.00,华为（HUAWEI） 华为平板电脑MatePad SE 10.1英寸 影音游戏娱乐学习平板电脑 4G+128G WiFi版 深海蓝 官方标配,https://item.jd.com/10050516422795.html,95条评价,圳豪数码专营店
2449.00,酷比魔方 iWork20 Pro 10.5英寸win10平板电脑二合一windows商务办公笔记本 增强版+磁吸键盘(8G+1TB SSD),https://item.jd.com/10040078167235.html,2000+条评价,酷比魔方旗舰店
1599.00,"线下同款
华为（HUAWEI） MatePad 10.4英寸2K高清全面屏ipad娱乐办公教育网课学习电脑 【20款】4G+64GB WiFi版 夜阑灰 官方标配【下单送好礼】",https://item.jd.com/68804166835.html,2000+条评价,丽坤数码专营店
1199.00,酷比魔方 X Game 2021新款10.5英寸全网通上网课学生游戏追剧安卓平板电脑二合一 标配（8G+128G，P90芯）,https://item.jd.com/10036261774957.html,1000+条评价,酷比魔方旗舰店
7899.00,三星（SAMSUNG） 平板电脑S8/S8+/S8Ultra 5G通话大屏120hz高刷游戏学习办公 深屿灰 S8 Ultra【wifi版】,https://item.jd.com/10044183471374.html,500+条评价,欣顿数码专营店
2348.00,荣耀（HONOR） 荣耀平板V7Pro高刷11英寸5G二合一平板游戏网课学习办公学生电脑iPad 【V7Pro】6G+128G WiFi版 钛空银,https://item.jd.com/10035327509240.html,1000+条评价,荣耀丽坤世纪专卖店
538.00,柒友新款超薄12G全面屏平板电脑二合一12英寸十核全网通4G上网手机5GWIFI安卓游戏 耀眼黑12G+64G送+三年换新+五年保修 WiFi+移动联通版,https://item.jd.com/10033762090102.html,1万+条评价,恒青平板电脑专营店
2999.00,华为（HUAWEI）MatePad Paper 墨水平板电子阅读器电纸书平板电脑学生学习墨水屏 【墨黑】WiFi版 4+64GB,https://item.jd.com/10049097812940.html,16条评价,OKSJ数码旗舰店
1499.00,"线下同款
华为平板畅享2 10.1英寸平板电脑安卓学生学习pad 4G+128GB WIFI版 香槟金 官方标配",https://item.jd.com/72054193718.html,2000+条评价,千百回数码旗舰店
4549.00,"线下同款
苹果（Apple） 【新品】iPadAir5 10.9英寸2022新款 平板电脑 WIFI版 Air5-蓝色 M1八核处理器 64G【官方标配】",https://item.jd.com/10046243590141.html,2000+条评价,潮品聚数码旗舰店
718.00,2022新款【国行原装】双系统平板电脑超清4K全面屏十核5G全网通誉本娱乐办公学习二合一iPad P75 烟狼灰丨12+128G丨豪华礼包+5年质保 12英寸丨5G全网,https://item.jd.com/10052788882122.html,200+条评价,圣鸽平板电脑专营店
3499.00,小米（MI） 平板电脑5/5 Pro 11英寸120Hz高刷屏ipad娱乐办公游戏网课二合一电脑 【小米5 Pro】8+256 5G版 黑色 官方标配【包含定制礼包】,https://item.jd.com/10049397856950.html,1000+条评价,丽坤数码专营店
2998.00,荣耀平板V7 Pro【悬浮蓝牙键盘套装】6+128GB WIFI版 曙光蓝 2.5K护眼全面屏 商务办公影音娱乐网课电脑,https://item.jd.com/100026943662.html,2万+条评价,荣耀京东自营旗舰店
2799.00,"线下同款
华为平板MatePad 11 平板电脑120Hz高刷全面屏 鸿蒙HarmonyOS 6G+128GB WIFI 曜石灰 标配",https://item.jd.com/10033226648415.html,1000+条评价,千百回数码旗舰店
2999.00,"线下同款
联想平板电脑Yoga Pad Pro 13英寸便携屏 2K全面屏 yogapadpro k606 8GB+256GB WIFI 暗夜极光绿 官方标配",https://item.jd.com/10052071806506.html,200+条评价,千百回数码旗舰店
769.00,酷比魔方 kPad 2021新款10.4英寸2K大屏全网通上网课学生学习安卓平板电脑 标配（2K高清屏）,https://item.jd.com/10037357538219.html,200+条评价,酷比魔方旗舰店
8899.00,三星（SAMSUNG） 平板电脑S8/S8+/S8Ultra 5G通话大屏120hz高刷游戏学习办公 深屿灰 S8 Ultra【5G版】,https://item.jd.com/10044183471375.html,500+条评价,欣顿数码专营店
4449.00,三星（SAMSUNG） 【全新国行】平板电脑Tab S8 S8+ S8 Ultra安卓旗舰 S8 【8G+256G】 灰色WLAN版-标配(带笔和15W快充),https://item.jd.com/10044873009885.html,200+条评价,三星惠多专卖店
8999.00,三星平板电脑2022款旗舰14.6英寸Tab S8 Ultra超大屏16G+512GB 新骁龙8 Gen 1 120Hz高刷+3K屏+OLED/含S Pen,https://item.jd.com/100033922922.html,1000+条评价,三星京东自营官方旗舰店
2999.00,"线下同款
酷比魔方 iWORK GT 11英寸win11平板电脑二合一windows商务办公笔记本 标配（酷睿i3-1115G4） 8G+256G SSD",https://item.jd.com/10043396524201.html,500+条评价,酷比魔方旗舰店
2098.00,戴睿（dere） 【2022新款Win11+触摸屏】平板笔记本电脑二合一商务办公学生用轻薄便携娱乐本 11代四核Win11系统※磁吸智能键盘 8G内存+128G高速固态,https://item.jd.com/10051989548090.html,87条评价,戴睿旗舰店
3299.00,11鸿蒙系统平板高刷屏pad学生考研网课学习商务办公二合一平板电脑DBY-W09 【现货速发】6G+128G WiFi版 曜石灰 官方标配+原装二代手写笔+【活动礼包】,https://item.jd.com/10036130950583.html,1000+条评价,拾宝商城平板电脑专营店
7299.00,华为（HUAWEI） 华为平板电脑MatePad Pro 12.6英寸HarmonyOS麒麟9000 夏日胡杨 WiFi 12GB+512GB 官方标配,https://item.jd.com/10052828931687.html,200+条评价,京东电竞官方旗舰店
6199.00,"线下同款
苹果（Apple） iPad Air5苹果10.9英寸学生娱乐办公 平板电脑 紫色 256G【WLAN版+12期分期】",https://item.jd.com/10046248504685.html,2000+条评价,传天羽旗舰店
1699.00,荣耀平板v7 10.4英寸平板电脑5G二合一平板6pro娱乐游戏直播网课学习学生办公电脑iPad V7【4G+128G WiFI版】钛空银,https://item.jd.com/10044505343623.html,2000+条评价,港讯智能专营店
5285.00,Apple 新品 iPad Air 10.9 英寸平板电脑 2022年款 Air5 WIFI版 蓝色 WLAN 256GB【官方标配】,https://item.jd.com/10046082102271.html,200+条评价,Apple扬笛手机专卖店
5295.00,Apple 新品 iPad Air 10.9 英寸平板电脑 2022年款 Air5 WIFI版 粉色 WLAN 256GB【官方标配】,https://item.jd.com/10046089700559.html,200+条评价,Apple扬笛手机专卖店
3699.00,"京东国际
Apple 苹果 iPad mini 6 第六代 8.3英寸平板电脑 2021款64GB WLAN版 64G 星光色",https://item.jd.com/10051364323289.html,59条评价,京东国际精选旗舰店
3539.00,Apple iPad 9代 2021年新款 10.2 英寸办公学习平板电脑 A13 芯片 深空灰色 256GB官配标配,https://item.jd.com/10043453024535.html,500+条评价,Apple扬笛手机专卖店
7988.00,微软（Microsoft） Surface Pro 8 二合一平板电脑13英寸轻薄商务办公笔记本7+ Pro 8 i5 8G 256G【亮铂金】 【性价优选】标配+原装黑色键盘 【不带充电笔槽】,https://item.jd.com/10039834013419.html,500+条评价,微软升昌专卖店
988.00,14英寸平板电脑12+512G全网通5Gwifi十核游戏办公二合一平板超清4K全面屏学习机教育版蓝魔 银灰色丨12+128G丨五年质保+定制原装鼠标键盘 12英寸全网通5G双科技WiFi超速尊享旗舰版,https://item.jd.com/10048244860083.html,1万+条评价,唯品时代平板电脑专营店
5499.00,"线下同款
苹果（Apple） iPad Air5苹果10.9英寸学生娱乐办公 平板电脑 蓝色 256G【WLAN版】",https://item.jd.com/10046134275542.html,2000+条评价,传天羽旗舰店
4399.00,"线下同款
苹果（Apple） iPad Air5苹果10.9英寸学生娱乐办公 平板电脑 星光色 64G【WLAN版】",https://item.jd.com/10046134275545.html,2000+条评价,传天羽旗舰店
4799.00,"线下同款
苹果（Apple） iPad Air5苹果10.9英寸学生娱乐办公 平板电脑 深空灰色 64G【WLAN版+6期分期】",https://item.jd.com/10046247146290.html,2000+条评价,传天羽旗舰店
4399.00,"线下同款
苹果（Apple） iPad Air5苹果10.9英寸学生娱乐办公 平板电脑 粉色 64G【WLAN版】",https://item.jd.com/10046134275547.html,2000+条评价,传天羽旗舰店
720.00,2022新款【骁龙845+512G】国行原装13英寸超薄高清全面屏平板电脑全网通二合一第三星种 陶瓷白256G（免费试用+分期免息+鼠标蓝牙键盘） 13英寸全,https://item.jd.com/10052070479708.html,5000+条评价,第三星种旗舰店
5980.00,E人E本 T12手写商务平板电脑5G无线数据终端9.7英寸8+256G安卓移动签批通话,https://item.jd.com/10034731026905.html,500+条评价,E人E本平板旗舰店
5749.00,Apple iPad Pro 11 英寸 M1芯片 办公学习平板电脑 2021年款 WIFI版 深空灰色 WLAN 128GB,https://item.jd.com/10043453934582.html,14条评价,Apple扬笛手机专卖店
1699.00,三星平板2022款Galaxy Tab A8 10.5英寸 4G+128GB LTE全网通通话版 娱乐学习办公网课电脑 雕刻银X205C,https://item.jd.com/100017252439.html,2万+条评价,三星京东自营官方旗舰店
1599.00,荣耀平板电脑 荣耀平板V6 10.4英寸2K屏手机影音娱乐游戏V7直播网课学习pro办公ipad 6+64GB WiFi版 幻影黑,https://item.jd.com/10028496696634.html,500+条评价,港讯智能专营店
2899.00,"线下同款
华为（HUAWEI） 华为平板电脑MatePad 10.4/11/10.8影音娱乐办公学习二合一 【新】悦动版10.4丨6+128G 全网通 灰",https://item.jd.com/10034446286529.html,2万+条评价,华为千冠专卖店
3299.00,三星（SAMSUNG） 三星平板Galaxy Tab S7 FE 12.4英寸办公学习游戏平板电脑 T735C(6+128G全网通)曜岩黑 官方标配(含原装笔),https://item.jd.com/10037747607060.html,500+条评价,三星光头强专卖店
2199.00,小度 智能学生平板电脑学习机 儿童早教机智慧眼点读家教机智慧屏二合一学习平板 小学初中高中课程同步 S20+支架+海洋蓝皮套+256G离线下载WiFi 【官方标配】【全国联保】（质量问题1年包换）,https://item.jd.com/10044556574309.html,500+条评价,千古数码官方旗舰店
1668.00,荣耀帝王 平板电脑高清大屏国行新款2022超薄十核学习游戏二合一全网通5g娱乐办公教育优惠ipad 钛空银256g+【免费试用+免费分息+蓝牙键盘】 14英寸全,https://item.jd.com/10052868016764.html,5000+条评价,荣耀帝王旗舰店
2899.00,"线下同款
华为（HUAWEI） 华为平板MatePad 11 高刷120Hz屏 商务办公娱乐学习电脑二合一 冰霜银 WiFi 6GB+128GB 官方标配【含保护套+钢化膜+蓝牙键盘】",https://item.jd.com/10048874449702.html,5000+条评价,京东电竞官方旗舰店
3788.00,"线下同款
小米（MI）平板5 5Pro 11英寸平板电脑二合一Pad学生网课学习娱乐办公游戏 5Pro 8G+256G 5G全网通 黑色 2.5k超清+120Hz高刷屏",https://item.jd.com/10035919923927.html,5000+条评价,千百回数码旗舰店
2399.00,"线下同款
华为（HUAWEI） 华为平板电脑MatePad 10.4/11/10.8影音娱乐办公学习二合一 【新】悦动版10.4丨6+64G WiFi 银",https://item.jd.com/10026094352757.html,2万+条评价,华为千冠专卖店
2999.00,"线下同款
荣耀（HONOR）荣耀平板V7Pro高清高刷平板电脑5G二合一平板6游戏直播网课学习办公学生ipad 【V7 Pro】8G+256G WiFi版 晨晖金",https://item.jd.com/10035300004908.html,1万+条评价,港讯智能专营店
498.00,快译通 儿童平板电脑早教机学习机 儿童pad 宝宝护眼阅读平板 1-3-6岁学前教育小学通用学习 基础版:8寸/四核/80G 官方标配【参与活动享三年保修/详询客服】,https://item.jd.com/10042828655664.html,2000+条评价,快译通电教专卖店
2799.00,"线下同款
华为（HUAWEI） 平板MatePad 11学习游戏二合一电脑ipad教育优惠学生键盘鸿蒙新品 曜石灰丨6G+64G 官方标配",https://item.jd.com/10033481189861.html,1万+条评价,昌族数码官方旗舰店
2849.00,三星（SAMSUNG） 三星平板Galaxy Tab S7 FE 12.4英寸办公学习游戏平板电脑 T735C(4+64G全网通)曜岩黑 官方标配(含原装笔),https://item.jd.com/10038555881630.html,500+条评价,三星光头强专卖店
1358.00,荣耀帝王 平板电脑14英寸全网通5gwifi十核学习游戏二合一4k高清全面屏教育优惠pad pro 商务黑12+512g/免费试用/分期免息/一年换新 12英寸全网通5g wifi超,https://item.jd.com/10053393053105.html,5000+条评价,荣耀帝王旗舰店
3099.00,荣耀平板V7 Pro 8+256GB WIFI版 晨晖金 2.5K 120Hz护眼全面屏 多屏协同 悬浮键盘 商务办公娱乐网课电脑,https://item.jd.com/100013260397.html,1万+条评价,荣耀京东自营旗舰店
2599.00,苹果（Apple） iPad2021新款第9代 10.2英寸平板电脑2020升级款 银色 WLAN版 64G【官 方 标 配】,https://item.jd.com/10037062810316.html,2万+条评价,Apple爱豆专卖店
13148.00,"线下同款
苹果（Apple） ipadpro2021 11/12.9英寸M1二合一苹果平板电脑2020升级款 12.9寸 灰 +定制笔+壳膜 512G 插卡5G版",https://item.jd.com/10020755738630.html,2万+条评价,疆界旗舰店
12148.00,"线下同款
苹果（Apple） ipadpro2021 11/12.9英寸M1二合一苹果平板电脑2020升级款 12.9寸 银 +定制笔+壳膜 256G 插卡5G版",https://item.jd.com/10026455814863.html,2万+条评价,疆界旗舰店
4999.00,Apple iPad mini 8.3英寸平板电脑 2021年款（256GB WLAN版/A15芯片/全面屏/触控ID MK7T3CH/A） 深空灰色,https://item.jd.com/100026667914.html,10万+条评价,Apple产品京东自营旗舰店
3299.00,"线下同款
华为（HUAWEI） 华为平板电脑MatePad Pro10.8英寸高通骁龙870娱乐学习办公二合一 【WiFi】贝母白8GB+128GB 10.8英寸",https://item.jd.com/10032261633822.html,1000+条评价,华为千冠专卖店
1368.00,荣耀帝王 平板电脑高清大屏国行新款2022超薄十核学习游戏二合一全网通5g娱乐办公教育优惠ipad 钛空银128g+【免费试用+免费分息+蓝牙键盘】 14英寸全,https://item.jd.com/10052868016756.html,5000+条评价,荣耀帝王旗舰店
2699.00,"线下同款
荣耀（HONOR）荣耀平板V7Pro高清高刷平板电脑5G二合一平板6游戏直播网课学习办公学生ipad 【V7 Pro】8G+128G WiFi版 钛空银",https://item.jd.com/10034424325087.html,1万+条评价,港讯智能专营店
4388.00,"线下同款
苹果（Apple） 新款 iPad Air5 10.9英寸平板电脑 WIFI版M1芯片 Air5 【 64G 】 【 粉色 】 WIFI版 【官方标配】",https://item.jd.com/10022736629842.html,5万+条评价,APPLE翔合专卖店
2399.00,"线下同款
华为（HUAWEI） MatePad 11 120Hz高刷全面屏ipad娱乐办公学习二合一电脑 6G+64GB WiFi版 曜石灰 官方标配【晒单送好礼】",https://item.jd.com/10020311151370.html,1万+条评价,丽坤数码专营店
1399.00,华硕a豆平板电脑 3 轻薄便携办公娱乐学习长续航智能平板电脑 10.4英寸 薄荷绿 默认1,https://item.jd.com/10043728313763.html,100+条评价,adol官方旗舰店
499.00,"京东超市
华为原装M-Pencil手写笔二代 适用MatePad 11 Pro 10.8 12.6平板电脑 M-Pencil二代触控笔 标配",https://item.jd.com/10032093734966.html,5000+条评价,昌族数码官方旗舰店
3699.00,三星平板电脑Tab S7 FE 12.4英寸2.5K高清全面屏6G+128GB影音学习游戏办公 Lte版全网通[含Spen触控笔]山茶青,https://item.jd.com/100022123526.html,1万+条评价,三星京东自营官方旗舰店
2699.00,"线下同款
荣耀（HONOR）荣耀平板V7Pro高清高刷平板电脑5G二合一平板6游戏直播网课学习办公学生ipad 【V7 Pro】8G+128G WiFi版 晨晖金",https://item.jd.com/10036070008049.html,1万+条评价,港讯智能专营店
2168.00,"线下同款
荣耀显通 自营平板电脑ipad高清4k教育优惠版大屏新款2022超薄十核学习游戏二合一娱乐办公 星空灰512g(免费试用+分期免息+蓝牙键盘) 14英寸全网通5g wif",https://item.jd.com/10049131476205.html,2万+条评价,荣耀小龙旗舰店
2499.00,"线下同款
华为（HUAWEI） 华为平板电脑MatePad 10.4/11/10.8影音娱乐办公学习二合一 Matepad11丨6+64G WIFI 灰",https://item.jd.com/10032629941878.html,2万+条评价,华为千冠专卖店
2899.00,"线下同款
华为（HUAWEI） 华为平板MatePad 11 墨水21款平板电脑120Hz高刷全面屏ipad 【现货】曜石灰｜8G+128G WiFi版 标配（含保护套+钢化膜+蓝牙键盘）",https://item.jd.com/10026705876450.html,1万+条评价,肆玖聚力电脑专营店
1289.00,荣耀（HONOR） 荣耀平板7 平板电脑 10.1英寸娱乐教育二合一办公学生学习安卓PAD 薄荷绿 4G+128G WiFi版 官方标配,https://item.jd.com/10053145405586.html,100+条评价,荣耀官方授权专卖店
5649.00,三星（SAMSUNG） 【全新国行】平板电脑Tab S8 S8+ S8 Ultra安卓旗舰 S8+ 【8G+256G】 灰色WLAN版-标配(带笔和15W快充),https://item.jd.com/10044873009889.html,200+条评价,三星惠多专卖店
1668.00,"线下同款
荣耀显通 自营平板电脑ipad高清4k教育优惠版大屏新款2022超薄十核学习游戏二合一娱乐办公 太空银256g(免费试用+分期免息+蓝牙键盘) 12英寸全网通5g wif",https://item.jd.com/10049131476194.html,2万+条评价,荣耀小龙旗舰店
5299.00,三星平板电脑2022款旗舰Tab S8 11英寸 8G+256G 新骁龙8 Gen 1 120Hz高刷+LTPS+2.5K高清屏 S Pen WLAN深屿灰,https://item.jd.com/100032996702.html,1000+条评价,三星京东自营官方旗舰店
2699.00,联想（Lenovo） 小新PadPro安卓学生学习网课莱茵低蓝光护眼屏游戏娱乐影音二合一办公电脑 小新Pad 6G+128GB,https://item.jd.com/10023351193803.html,1万+条评价,联想授权旗舰店
15999.00,"线下同款
苹果（Apple） ipadpro2021 11/12.9英寸M1二合一苹果平板电脑2020升级款 12.9寸 灰 官 方 标 配 1TB 插卡5G版",https://item.jd.com/10035020510804.html,2万+条评价,疆界旗舰店
1668.00,"线下同款
荣耀显通 自营平板电脑ipad高清4k教育优惠版大屏新款2022超薄十核学习游戏二合一娱乐办公 星空灰128g(免费试用+分期免息+蓝牙键盘) 14英寸全网通5g wif",https://item.jd.com/10049131476193.html,2万+条评价,荣耀小龙旗舰店
1999.00,台电（TECLAST） F6Air轻薄学生学习商务办公笔记本windows10系统二合一平板电脑 标配,https://item.jd.com/10049067058932.html,35条评价,台电数码直营旗舰店
2749.00,"拍拍
【资源机准新】Apple 苹果平板电脑 iPad 8代 2020款10.2英寸 二手平板 大陆国行 20款iPad 128G 灰色 wifi版 标配版",https://item.jd.com/10031315363353.html,1万+条评价,拍拍严选电脑数码官方旗舰店
2788.00,"线下同款
荣耀（HONOR） 荣耀平板V7Pro5G高刷平板电脑二合一游戏电竞直播网课电脑学生pad 【V7Pro】8+128GB WIFI版 钛空银 标配【下单含壳膜套餐】",https://item.jd.com/10037135757508.html,5000+条评价,京东电竞官方旗舰店
2199.00,"线下同款
荣耀平板v7 10.4英寸平板电脑5G二合一平板6pro娱乐游戏直播网课学习学生办公电脑iPad V7【8G+128G WiFI版】曙光蓝",https://item.jd.com/10037709614038.html,2000+条评价,港讯智能专营店
2799.00,华为平板MatePad11平板电脑二合一 2K高刷屏 6G+128G WIFI 冰霜银 标配,https://item.jd.com/10034845551537.html,5000+条评价,千百回数码旗舰店
2599.00,荣耀平板V7 Pro 8+128GB WIFI版 晨晖金 2.5K 120Hz护眼全面屏 多屏协同 悬浮键盘 商务办公娱乐网课电脑,https://item.jd.com/100025691578.html,1万+条评价,荣耀京东自营旗舰店
5498.00,步步高家教机S6 8+256G 12.7英寸 英语学习机 护眼平板电脑 学习机 学生平板 点读机 早教机,https://item.jd.com/100013225403.html,2万+条评价,步步高电教京东自营旗舰店
2799.00,华为平板MatePad11平板电脑二合一 2K高刷屏 6G+128G WIFI 曜石灰 标配,https://item.jd.com/10034845551536.html,5000+条评价,千百回数码旗舰店
2599.00,"线下同款
华为（HUAWEI） MatePad 11/Pro10.8/12.6鸿蒙系统八核影音娱乐学习办公 MatePad11丨6+128G/WiFi/曜石灰 官方标配",https://item.jd.com/10035302511267.html,2万+条评价,华为千冠专卖店
2199.00,"线下同款
荣耀（HONOR）荣耀平板V7Pro高清高刷平板电脑5G二合一平板6游戏直播网课学习办公学生ipad 【V7】8G+128G WiFi版 曙光蓝",https://item.jd.com/10037721007198.html,1万+条评价,港讯智能专营店
2299.00,"线下同款
华为（HUAWEI） MatePad 2022款 10.4英寸2K全面屏ipad娱乐办公学习电脑 【悦动版】6G+64GB WiFi版 曜石灰 官方标配【下单送礼包】",https://item.jd.com/68997540559.html,1万+条评价,丽坤数码专营店
3588.00,"线下同款
苹果（Apple） iPad2021新款第9代 10.2英寸平板电脑A13芯片2020升级款 深空灰色 WLAN版 64G 【4G插卡版】",https://item.jd.com/10041578394329.html,2万+条评价,APPLE聚石专卖店
399.00,台电（TECLAST） P80安卓二合一平板电脑pad 8英寸学生学习游戏平板手机2+32G 标配,https://item.jd.com/10050298798611.html,45条评价,台电数码直营旗舰店
2280.00,"爱心东东
平板电脑4K高清全面屏学生平板学习教育优惠版ipad网课办公游戏娱乐二合一【国行原装】 商务黑256G(免费试用+分期免息+一年换新) 12英寸全网通5G",https://item.jd.com/10050606932796.html,5000+条评价,荣耀小龙旗舰店
2599.00,"线下同款
小米（MI） 小米平板5/5 Pro 11英寸平板电脑2.5K高清屏120Hz高刷 影音娱乐办公学习 【小米5】白色 WiFi 6+256G 官方标配【含定制保护套+定制钢化膜】",https://item.jd.com/10043396474051.html,5000+条评价,京东电竞官方旗舰店
1799.00,"线下同款
华为（HUAWEI） 华为平板电脑MatePad 10.4英寸 影音娱乐办公学习教育中心 护眼全面屏 【麒麟版】曜石灰 WiFi 6GB+128GB 官方标配",https://item.jd.com/10048884048472.html,500+条评价,京东电竞官方旗舰店
1999.00,小米（MI） 小米平板5 2.5K 120HZ 11英寸大屏 骁龙860 影音娱乐办公学习网课 白 6+128,https://item.jd.com/10035979288608.html,2000+条评价,小米官方旗舰店
7499.00,华为平板电脑二合一MateBook E 12.6英寸全面屏笔记本 11代酷睿i7 16G+512G 灰 含键盘 官方标配,https://item.jd.com/10040710996274.html,5000+条评价,千百回数码旗舰店
2280.00,"爱心东东
平板电脑4K高清全面屏学生平板学习教育优惠版ipad网课办公游戏娱乐二合一【国行原装】 时尚灰256G(免费试用+分期免息+一年换新) 12英寸全网通5G",https://item.jd.com/10050606932798.html,5000+条评价,荣耀小龙旗舰店
2180.00,"爱心东东
平板电脑4K高清全面屏学生平板学习教育优惠版ipad网课办公游戏娱乐二合一【国行原装】 时尚灰128G(免费试用+分期免息+一年换新) 14英寸全网通5G",https://item.jd.com/10050606932795.html,5000+条评价,荣耀小龙旗舰店
2399.00,"线下同款
华为（HUAWEI） 华为平板电脑MatePad 10.4英寸 影音娱乐办公学习教育中心 护眼全面屏 【悦动版】海岛蓝 WiFi 6GB+128GB 官方标配",https://item.jd.com/10048906620068.html,500+条评价,京东电竞官方旗舰店
1058.00,荣耀帝王 平板电脑国行14英寸超清大屏2022新款5G全网通十核游戏学习二合一办公教育优惠ipad 12英寸孔雀绿(12G+128G) 全网通5G(无线键盘鼠标套装)五年换新,https://item.jd.com/10051279120310.html,2000+条评价,追光者电脑办公专营店
1168.00,平板电脑【同城现货】16G+512G骁龙845高清低蓝光2K全面屏5G速系轻薄2022新款WIFI 流光银16G+512G+定制无线鼠标+高端键盘 12英寸｜轻薄办公｜网课学习娱乐,https://item.jd.com/10048720266653.html,500+条评价,速系旗舰店
1199.00,联想（Lenovo） 联想平板电脑小新Pad 学生平板网课学习低蓝光护眼全面屏娱乐办公二合一安卓 【22款Pad】灰色 WiFi 4+64GB 官方标配,https://item.jd.com/10054241328236.html,500+条评价,京东电竞官方旗舰店
3699.00,"京东国际
Apple 苹果 iPad mini 6 第六代 8.3英寸平板电脑 2021款64GB WLAN版 64G 紫色",https://item.jd.com/10051364323288.html,59条评价,京东国际精选旗舰店
4899.00,"线下同款
华为（HUAWEI） MatePad Pro 10.8/12.6英寸2K全面屏游戏办公二合一电脑 【10.8】8G+256G WiFi版 青山黛 官方标配+原装智能磁吸键盘+原装二代手写笔",https://item.jd.com/64682021804.html,5000+条评价,丽坤数码专营店
2599.00,小米（MI） 平板电脑5/5 Pro 11英寸120Hz高刷屏ipad娱乐办公游戏网课二合一电脑 【小米5】8+256 WiFi 黑色 官方标配【包含定制礼包】,https://item.jd.com/62247259887.html,1000+条评价,丽坤数码专营店
6158.00,"线下同款
苹果（Apple） 2021款iPad Pro11/12.9英寸二合一平板电脑2020升级款免息分期 官方标配/深空灰 【11寸】128G/WIFI版",https://item.jd.com/66765167783.html,1000+条评价,苹果百桔专卖店
2299.00,小米（MI） 小米平板5/5Pro 11英寸平板电脑2.5K屏 120Hz二合一影音娱乐办公网课学习 小米5 绿色 6+256G WiFi,https://item.jd.com/10052152501974.html,37条评价,小米阳光专卖店
6858.00,"线下同款
苹果（Apple） 2021款iPad Pro11/12.9英寸二合一平板电脑2020升级款免息分期 官方标配/星空银 【11寸】256G/WiFi版",https://item.jd.com/66765167781.html,1000+条评价,苹果百桔专卖店
2988.00,微软Surface Go 3 4G+64G 二合一平板电脑 亮铂金 10.5英寸人脸识别 学生平板 轻薄笔记本,https://item.jd.com/100027416778.html,1万+条评价,微软京东自营官方旗舰店
1999.00,"线下同款
荣耀（HONOR） 荣耀平板V7Pro5G高刷平板电脑二合一游戏电竞直播网课电脑学生pad 【V7】6+128GB WiFi版 曙光蓝 标配【下单含壳膜套餐】",https://item.jd.com/10037174659033.html,5000+条评价,京东电竞官方旗舰店
1959.00,"线下同款
小米（MI） 小米平板5 11英寸大屏2.5K高清120Hz高刷新率 影音娱乐办公学习电脑 白色 WIFI 6+128G 官方标配【含定制保护套+定制钢化膜】",https://item.jd.com/10043545243174.html,500+条评价,京东电竞官方旗舰店
3099.00,小米（MI） 平板5 Pro 2.5K 120HZ 11英寸大屏 骁龙870 影音娱乐办公网课 白 8+256(WiFi版),https://item.jd.com/10042942585159.html,1000+条评价,小米官方旗舰店
2999.00,华为Matepad 11鸿蒙系统平板高刷屏pad学生考研网课学习商务办公二合一平板电脑DBY-W09 【现货速发】8G+128G WiFi版 曜石灰 官方标配+【活动礼包】,https://item.jd.com/10042629013074.html,1000+条评价,拾宝商城平板电脑专营店
6938.00,微软（Microsoft） Surface Pro 8 二合一平板电脑13英寸轻薄商务办公笔记本7+ Pro 8 i5 8G 128G【亮铂金】 【性价优选】标配+原装黑色键盘 【不带充电笔槽】,https://item.jd.com/10039834013418.html,500+条评价,微软升昌专卖店
1038.00,平板电脑【同城现货】16G+512G骁龙845高清低蓝光2K全面屏5G速系轻薄2022新款WIFI 香槟金12G+128G+定制无线鼠标+高端键盘 12英寸｜轻薄办公｜网课学习娱乐,https://item.jd.com/10048720266655.html,500+条评价,速系旗舰店
2588.00,联想（Lenovo） 拯救者Y700游戏平板pad120HZ高刷新率骁龙870闪充快充8.8英寸2K 骁龙870 8G+128G 钛晶灰 WiFi版 2560x1600分辨率 双JBL超线性扬声器,https://item.jd.com/10045381722683.html,100+条评价,联想众信授权专卖店
